WKN,Basiswert,Emittent,Typ,Bid,Ask,K.O.,Hebel,Laufzeit,Basis-preis,Abstand,Abstand in %,Risk/Reward
UM4LWT,Rheinmetall,UBSL,Put,5.44,5.46,549.79,9.16,endlos,549.79,49.389999999999986,9.870103916866505,5.391921397379911
PC8JJC,Rheinmetall,BNP,Put,0.54,0.55,550.31,9.16,endlos,550.31,49.90999999999997,9.974020783373296,5.448689956331874
PC8JJD,Rheinmetall,BNP,Put,0.54,0.55,551.3,9.16,endlos,551.3,50.89999999999998,10.171862509992003,5.556768558951963
PC74U2,Rheinmetall,BNP,Put,5.44,5.47,551.29,9.16,endlos,551.29,50.889999999999986,10.169864108713027,5.555676855895195
UM4KMY,Rheinmetall,UBSL,Put,5.49,5.51,551.67,9.08,endlos,551.67,51.26999999999998,10.245803357314145,5.646475770925108
UM4L62,Rheinmetall,UBSL,Put,5.49,5.51,550.29,9.08,endlos,550.29,49.889999999999986,9.970023980815345,5.494493392070483
HD37H3,Rheinmetall,UNCR,Put,5.51,5.52,553.33,9.06,endlos,553.33,52.930000000000064,10.577537969624313,5.842163355408395
GG66AC,Rheinmetall,GS,Put,5.51,5.54,554.07,9.04,endlos,554.07,53.67000000000007,10.7254196642686,5.936946902654876
HS5XHN,Rheinmetall,TUB,Put,0.55,0.56,554.48,9.0,endlos,554.48,54.08000000000004,10.807354116706644,6.008888888888894
UM4B0B,Rheinmetall,UBSL,Put,0.55,0.56,551.67,9.0,endlos,551.67,51.26999999999998,10.245803357314145,5.6966666666666645
UM4C5A,Rheinmetall,UBSL,Put,5.54,5.56,552.17,9.0,endlos,552.17,51.76999999999998,10.345723421262987,5.75222222222222
SW5TAH,Rheinmetall,scoge,Put,0.55,0.56,552.17,9.0,endlos,552.17,51.76999999999998,10.345723421262987,5.75222222222222
PC74U3,Rheinmetall,BNP,Put,5.54,5.57,552.29,8.99,endlos,552.29,51.889999999999986,10.369704236610708,5.771968854282535
DQ2JVD,Rheinmetall,DZ,Put,5.54,5.57,552.51,8.99,endlos,552.51,52.110000000000014,10.413669064748204,5.796440489432705
PC8JJE,Rheinmetall,BNP,Put,0.55,0.56,552.3,8.99,endlos,552.3,51.89999999999998,10.371702637889685,5.773081201334814
JK52WC,Rheinmetall,JPMBV,Put,5.55,5.57,554.66,8.99,endlos,554.66,54.25999999999999,10.843325339728215,6.035595105672969
VD3RKU,Rheinmetall,VON,Put,5.58,5.6,553.58,8.94,endlos,553.58,53.180000000000064,10.627498001598735,5.948545861297546
SW838H,Rheinmetall,scoge,Put,5.59,5.61,553.5,8.93,endlos,553.5,53.10000000000002,10.61151079136691,5.946248600223967
GG64SC,Rheinmetall,GS,Put,5.58,5.61,554.84,8.92,endlos,554.84,54.440000000000055,10.879296562749811,6.103139013452921
UM35TD,Rheinmetall,UBSL,Put,5.59,5.61,552.66,8.92,endlos,552.66,52.25999999999999,10.443645083932852,5.858744394618833
UM4AUA,Rheinmetall,UBSL,Put,5.63,5.65,553.66,8.87,endlos,553.66,53.25999999999999,10.643485211830535,6.004509582863585
UM37XN,Rheinmetall,UBSL,Put,0.56,0.57,552.66,8.84,endlos,552.66,52.25999999999999,10.443645083932852,5.911764705882352
UM352A,Rheinmetall,UBSL,Put,5.64,5.66,553.16,8.84,endlos,553.16,52.75999999999999,10.543565147881694,5.968325791855203
PC74U4,Rheinmetall,BNP,Put,5.64,5.67,553.28,8.84,endlos,553.28,52.879999999999995,10.567545963229415,5.981900452488687
UM37ZJ,Rheinmetall,UBSL,Put,5.69,5.71,553.66,8.77,endlos,553.66,53.25999999999999,10.643485211830535,6.07297605473204
MG2A4B,Rheinmetall,MSI,Put,5.72,5.74,553.95,8.72,endlos,553.95,53.55000000000007,10.701438848920878,6.141055045871567
HD4L76,Rheinmetall,UNCR,Put,5.73,5.74,555.33,8.71,endlos,555.33,54.930000000000064,10.977218225419676,6.306544202066597
HS5XHP,Rheinmetall,TUB,Put,5.72,5.76,556.48,8.7,endlos,556.48,56.08000000000004,11.207034372502008,6.445977011494258
JK52WM,Rheinmetall,JPMBV,Put,5.73,5.75,556.65,8.7,endlos,556.65,56.25,11.241007194244606,6.4655172413793105
UM4BRE,Rheinmetall,UBSL,Put,0.57,0.58,553.66,8.69,endlos,553.66,53.25999999999999,10.643485211830535,6.128883774453394
UM4ETK,Rheinmetall,UBSL,Put,5.99,6.01,556.65,8.33,endlos,556.65,56.25,11.241007194244606,6.752701080432173
UM4FWN,Rheinmetall,UBSL,Put,6.02,6.04,558.15,8.31,endlos,558.15,57.75,11.540767386091128,6.949458483754512
PC74U8,Rheinmetall,BNP,Put,6.03,6.06,557.28,8.27,endlos,557.28,56.879999999999995,11.366906474820142,6.877871825876662
HD4L77,Rheinmetall,UNCR,Put,6.04,6.05,558.33,8.26,endlos,558.33,57.930000000000064,11.576738609112724,7.013317191283301
UM4C3E,Rheinmetall,UBSL,Put,0.6,0.61,556.65,8.26,endlos,556.65,56.25,11.241007194244606,6.809927360774819
UM4DXK,Rheinmetall,UBSL,Put,0.6,0.61,557.65,8.26,endlos,557.65,57.25,11.440847322142286,6.930992736077482
UM4GZQ,Rheinmetall,UBSL,Put,6.04,6.06,557.15,8.26,endlos,557.15,56.75,11.340927258193446,6.870460048426151
PC8JJJ,Rheinmetall,BNP,Put,0.6,0.61,556.3,8.25,endlos,556.3,55.89999999999998,11.171063149480412,6.775757575757573
DQ2JVE,Rheinmetall,DZ,Put,6.05,6.08,557.83,8.24,endlos,557.83,57.430000000000064,11.476818545163882,6.9696601941747645
UM4F5K,Rheinmetall,UBSL,Put,6.07,6.09,558.65,8.24,endlos,558.65,58.25,11.64068745003997,7.069174757281553
GG64SE,Rheinmetall,GS,Put,6.08,6.11,560.17,8.19,endlos,560.17,59.76999999999998,11.944444444444441,7.297924297924296
UM4CNE,Rheinmetall,UBSL,Put,6.09,6.11,557.65,8.19,endlos,557.65,57.25,11.440847322142286,6.99023199023199
UM4JB8,Rheinmetall,UBSL,Put,6.12,6.14,559.15,8.17,endlos,559.15,58.75,11.74060751398881,7.19094247246022
JK52WF,Rheinmetall,JPMBV,Put,6.13,6.15,560.64,8.14,endlos,560.64,60.24000000000001,12.038369304556356,7.4004914004914015
PC74U9,Rheinmetall,BNP,Put,6.13,6.16,558.28,8.13,endlos,558.28,57.879999999999995,11.566746602717826,7.11931119311193
UM4JHZ,Rheinmetall,UBSL,Put,0.61,0.62,558.65,8.12,endlos,558.65,58.25,11.64068745003997,7.173645320197045
SW9AWL,Rheinmetall,scoge,Put,0.61,0.62,558.17,8.12,endlos,558.17,57.76999999999998,11.544764188649077,7.114532019704432
PC8JJK,Rheinmetall,BNP,Put,0.61,0.62,557.29,8.12,endlos,557.29,56.889999999999986,11.36890487609912,7.0061576354679795
VD3RKR,Rheinmetall,VON,Put,6.16,6.18,559.59,8.1,endlos,559.59,59.190000000000055,11.8285371702638,7.307407407407415
UM4B6A,Rheinmetall,UBSL,Put,6.19,6.21,558.65,8.06,endlos,558.65,58.25,11.64068745003997,7.2270471464019845
PC74VA,Rheinmetall,BNP,Put,6.22,6.25,559.27,8.01,endlos,559.27,58.870000000000005,11.764588329336533,7.3495630461922605
UM36UK,Rheinmetall,UBSL,Put,0.62,0.63,559.64,7.99,endlos,559.64,59.24000000000001,11.838529176658676,7.414267834793493
PC8JJL,Rheinmetall,BNP,Put,0.62,0.63,558.29,7.99,endlos,558.29,57.889999999999986,11.5687450039968,7.245306633291612
UM4JAW,Rheinmetall,UBSL,Put,6.29,6.31,559.64,7.93,endlos,559.64,59.24000000000001,11.838529176658676,7.470365699873898
PC74VB,Rheinmetall,BNP,Put,6.32,6.35,560.27,7.89,endlos,560.27,59.870000000000005,11.964428457234213,7.588086185044361
HD4MS5,Rheinmetall,UNCR,Put,6.34,6.35,561.33,7.87,endlos,561.33,60.930000000000064,12.176258992805769,7.742058449809411
HS5XFL,Rheinmetall,TUB,Put,0.63,0.64,561.88,7.87,endlos,561.88,61.48000000000002,12.286171063149483,7.8119440914866605
UM363H,Rheinmetall,UBSL,Put,0.63,0.64,560.64,7.87,endlos,560.64,60.24000000000001,12.038369304556356,7.654383735705211
UM4KDZ,Rheinmetall,UBSL,Put,6.34,6.36,560.14,7.87,endlos,560.14,59.74000000000001,11.938449240607516,7.590851334180433
JK6TRC,Rheinmetall,JPMBV,Put,0.63,0.64,562.63,7.87,endlos,562.63,62.23000000000002,12.436051159072745,7.907242693773827
HS5XFK,Rheinmetall,TUB,Put,6.6,6.64,565.29,7.55,endlos,565.29,64.88999999999999,12.967625899280574,8.594701986754965
PC74VE,Rheinmetall,BNP,Put,6.61,6.64,563.27,7.54,endlos,563.27,62.870000000000005,12.56394884092726,8.338196286472149
UM4HC5,Rheinmetall,UBSL,Put,0.66,0.67,563.63,7.51,endlos,563.63,63.23000000000002,12.635891286970427,8.41944074567244
GG69QU,Rheinmetall,GS,Put,6.63,6.66,549.23,7.51,endlos,566.24,65.84000000000003,13.157474020783381,8.766977363515318
PC8JJQ,Rheinmetall,BNP,Put,0.66,0.67,562.28,7.51,endlos,562.28,61.879999999999995,12.366107114308553,8.239680426098534
MG22CT,Rheinmetall,MSI,Put,6.69,6.71,563.94,7.46,endlos,563.94,63.54000000000008,12.697841726618723,8.517426273458456
UM4DQG,Rheinmetall,UBSL,Put,6.69,6.71,563.63,7.46,endlos,563.63,63.23000000000002,12.635891286970427,8.475871313672926
PC74VF,Rheinmetall,BNP,Put,6.71,6.74,564.26,7.43,endlos,564.26,63.860000000000014,12.761790567545967,8.594885598923286
HD478J,Rheinmetall,UNCR,Put,6.72,6.73,565.2,7.43,endlos,565.2,64.80000000000007,12.949640287769798,8.721399730821005
VD3RK8,Rheinmetall,VON,Put,6.74,6.76,565.59,7.4,endlos,565.59,65.19000000000005,13.027577937649893,8.809459459459466
UM4FWM,Rheinmetall,UBSL,Put,6.74,6.76,564.13,7.4,endlos,564.13,63.73000000000002,12.735811350919269,8.612162162162164
UM3RZ5,Rheinmetall,UBSL,Put,0.67,0.68,564.49,7.4,endlos,564.49,64.09000000000003,12.807753796962437,8.660810810810815
PC8JJR,Rheinmetall,BNP,Put,0.67,0.68,563.28,7.4,endlos,563.28,62.879999999999995,12.565947242206235,8.497297297297296
UM31Z8,Rheinmetall,UBSL,Put,6.78,6.8,564.49,7.36,endlos,564.49,64.09000000000003,12.807753796962437,8.707880434782613
UM13AM,Rheinmetall,UBSL,Put,6.81,6.83,564.94,7.33,endlos,564.94,64.54000000000008,12.897681854516401,8.804911323328795
PC52V7,Rheinmetall,BNP,Put,6.81,6.84,565.17,7.32,endlos,565.17,64.76999999999998,12.94364508393285,8.848360655737702
HD3J0K,Rheinmetall,UNCR,Put,6.84,6.85,552.0,7.3,endlos,567.2,66.80000000000007,13.349320543565163,9.15068493150686
SU98BN,Rheinmetall,scoge,Put,0.68,0.69,566.14,7.29,endlos,566.14,65.74000000000001,13.137490007993607,9.017832647462278
JK6TRD,Rheinmetall,JPMBV,Put,0.68,0.69,567.62,7.29,endlos,567.62,67.22000000000003,13.43325339728218,9.220850480109743
UM3F6W,Rheinmetall,UBSL,Put,0.68,0.69,565.26,7.29,endlos,565.26,64.86000000000001,12.961630695443649,8.897119341563787
PC8JJT,Rheinmetall,BNP,Put,0.68,0.69,564.28,7.29,endlos,564.28,63.879999999999995,12.765787370103917,8.762688614540465
UM4KJ8,Rheinmetall,UBSL,Put,6.87,6.89,565.23,7.26,endlos,565.23,64.83000000000004,12.955635491606724,8.929752066115709
UM3U8X,Rheinmetall,UBSL,Put,6.88,6.9,565.51,7.25,endlos,565.51,65.11000000000001,13.011590727418069,8.980689655172416
PC68U4,Rheinmetall,BNP,Put,6.93,6.96,566.22,7.19,endlos,566.22,65.82000000000005,13.15347721822543,9.154381084840063
HS5XFJ,Rheinmetall,TUB,Put,0.69,0.7,568.59,7.19,endlos,568.59,68.19000000000005,13.627098321342936,9.484005563282343
UM4BKA,Rheinmetall,UBSL,Put,6.94,6.96,566.12,7.19,endlos,566.12,65.72000000000003,13.133493205435656,9.140472878998612
UM3CN1,Rheinmetall,UBSL,Put,0.69,0.7,566.36,7.19,endlos,566.36,65.96000000000004,13.181454836131104,9.173852573018085
PC8JJU,Rheinmetall,BNP,Put,0.69,0.7,565.28,7.18,endlos,565.28,64.88,12.965627498001597,9.036211699164346
DQ2UPH,Rheinmetall,DZ,Put,6.96,6.99,566.72,7.16,endlos,566.72,66.32000000000005,13.25339728217427,9.262569832402242
JK2UT0,Rheinmetall,JPMBV,Put,6.98,7.0,569.22,7.15,endlos,569.22,68.82000000000005,13.752997601918477,9.625174825174831
UM31R4,Rheinmetall,UBSL,Put,0.72,0.73,569.49,6.89,endlos,569.49,69.09000000000003,13.806954436450846,10.027576197387523
UM39WP,Rheinmetall,UBSL,Put,7.24,7.26,569.12,6.89,endlos,569.12,68.72000000000003,13.733013589128703,9.973875181422356
UM35HC,Rheinmetall,UBSL,Put,0.72,0.73,568.74,6.89,endlos,568.74,68.34000000000003,13.657074340527586,9.91872278664732
PC8JJY,Rheinmetall,BNP,Put,0.72,0.73,569.27,6.89,endlos,569.27,68.87,13.762989608313351,9.995645863570394
UM3YEE,Rheinmetall,UBSL,Put,7.27,7.29,569.49,6.86,endlos,569.49,69.09000000000003,13.806954436450846,10.071428571428575
HD478L,Rheinmetall,UNCR,Put,7.31,7.32,571.19,6.83,endlos,571.19,70.79000000000008,14.146682653876915,10.364568081991226
PC68U7,Rheinmetall,BNP,Put,7.32,7.35,570.22,6.81,endlos,570.22,69.82000000000005,13.952837729816158,10.252569750367115
JK6TRE,Rheinmetall,JPMBV,Put,0.73,0.74,572.6,6.8,endlos,572.6,72.20000000000005,14.428457234212638,10.617647058823536
HS53FS,Rheinmetall,TUB,Put,0.73,0.74,572.07,6.8,endlos,572.07,71.67000000000007,14.322541966426874,10.539705882352953
SW7CTK,Rheinmetall,scoge,Put,0.73,0.74,571.14,6.8,endlos,571.14,70.74000000000001,14.136690647482016,10.40294117647059
UM2YHC,Rheinmetall,UBSL,Put,0.73,0.74,570.16,6.8,endlos,570.16,69.75999999999999,13.940847322142286,10.258823529411764
PC8JJZ,Rheinmetall,BNP,Put,0.73,0.74,570.27,6.79,endlos,570.27,69.87,13.962829736211033,10.290132547864507
UM21YL,Rheinmetall,UBSL,Put,7.37,7.39,570.16,6.77,endlos,570.16,69.75999999999999,13.940847322142286,10.304283604135893
PC8EYR,Rheinmetall,BNP,Put,7.38,7.41,544.6,6.75,endlos,573.26,72.86000000000001,14.560351718625103,10.794074074074077
UM382J,Rheinmetall,UBSL,Put,7.39,7.41,570.61,6.75,endlos,570.61,70.21000000000004,14.03077537969625,10.401481481481486
PC5516,Rheinmetall,BNP,Put,7.39,7.42,571.17,6.75,endlos,571.17,70.76999999999998,14.142685851318943,10.484444444444442
PC8MGE,Rheinmetall,BNP,Put,0.74,0.75,544.6,6.71,endlos,573.27,72.87,14.562350119904078,10.859910581222058
UM3101,Rheinmetall,UBSL,Put,0.74,0.75,571.49,6.71,endlos,571.49,71.09000000000003,14.206634692246208,10.594634873323402
UM39X1,Rheinmetall,UBSL,Put,7.44,7.46,571.11,6.71,endlos,571.11,70.71000000000004,14.130695443645092,10.538002980625937
UM4FKH,Rheinmetall,UBSL,Put,0.74,0.75,570.72,6.7,endlos,570.72,70.32000000000005,14.052757793765,10.495522388059708
UM3RQQ,Rheinmetall,UBSL,Put,7.47,7.49,571.49,6.68,endlos,571.49,71.09000000000003,14.206634692246208,10.64221556886228
JK3BY4,Rheinmetall,JPMBV,Put,7.48,7.5,574.23,6.67,endlos,574.23,73.83000000000004,14.75419664268586,11.068965517241386
VD2BRD,Rheinmetall,VON,Put,7.5,7.52,573.24,6.65,endlos,573.24,72.84000000000003,14.556354916067155,10.95338345864662
HD3Z9A,Rheinmetall,UNCR,Put,7.51,7.52,573.17,6.65,endlos,573.17,72.76999999999998,14.542366107114304,10.94285714285714
PC7BGG,Rheinmetall,BNP,Put,7.52,7.55,572.22,6.63,endlos,572.22,71.82000000000005,14.35251798561152,10.83257918552037
UM21V6,Rheinmetall,UBSL,Put,0.75,0.76,572.2,6.62,endlos,572.2,71.80000000000007,14.348521183053572,10.845921450151067
PC8JJ0,Rheinmetall,BNP,Put,0.75,0.76,571.27,6.61,endlos,571.27,70.87,14.162669864108715,10.721633888048412
SW838K,Rheinmetall,scoge,Put,7.56,7.58,573.47,6.61,endlos,573.47,73.07000000000005,14.602318145483622,11.054462934947058
UM226N,Rheinmetall,UBSL,Put,7.57,7.59,572.2,6.59,endlos,572.2,71.80000000000007,14.348521183053572,10.895295902883166
PC5L7Z,Rheinmetall,BNP,Put,7.57,7.6,573.14,6.59,endlos,573.14,72.74000000000001,14.536370903277382,11.037936267071322
PC6AHX,Rheinmetall,BNP,Put,7.78,7.81,575.17,6.41,endlos,575.17,74.76999999999998,14.94204636290967,11.664586583463336
GG2JQK,Rheinmetall,GS,Put,7.81,7.84,578.11,6.4,endlos,578.11,77.71000000000004,15.529576338928866,12.142187500000006
UM4FBW,Rheinmetall,UBSL,Put,7.81,7.83,574.64,6.39,endlos,574.64,74.24000000000001,14.836131095123903,11.61815336463224
HD3HZ6,Rheinmetall,UNCR,Put,7.83,7.84,562.0,6.38,endlos,577.17,76.76999999999998,15.341726618705035,12.032915360501566
UM4ETJ,Rheinmetall,UBSL,Put,7.83,7.85,575.1,6.37,endlos,575.1,74.70000000000005,14.928057553956844,11.726844583987448
JK6TRF,Rheinmetall,JPMBV,Put,0.78,0.79,577.59,6.37,endlos,577.59,77.19000000000005,15.425659472422074,12.117739403453697
SW7T45,Rheinmetall,scoge,Put,0.78,0.79,576.14,6.36,endlos,576.14,75.74000000000001,15.135891286970427,11.908805031446542
UM32HY,Rheinmetall,UBSL,Put,0.78,0.79,575.24,6.36,endlos,575.24,74.84000000000003,14.956035171862517,11.767295597484281
PC8H3Q,Rheinmetall,BNP,Put,0.78,0.79,549.34,6.36,endlos,578.26,77.86000000000001,15.559552358113512,12.242138364779876
PC8JJ3,Rheinmetall,BNP,Put,0.78,0.79,574.26,6.36,endlos,574.26,73.86000000000001,14.760191846522785,11.613207547169813
UM1TKF,Rheinmetall,UBSL,Put,7.89,7.91,575.71,6.33,endlos,575.71,75.31000000000006,15.049960031974432,11.89731437598737
HS5UCA,Rheinmetall,TUB,Put,7.88,7.92,578.04,6.32,endlos,578.04,77.63999999999999,15.515587529976017,12.284810126582276
PC7BGJ,Rheinmetall,BNP,Put,7.91,7.94,576.21,6.3,endlos,576.21,75.81000000000006,15.149880095923274,12.033333333333344
UM4KDY,Rheinmetall,UBSL,Put,7.93,7.95,576.1,6.29,endlos,576.1,75.70000000000005,15.127897681854527,12.03497615262322
UM26MQ,Rheinmetall,UBSL,Put,0.79,0.8,576.33,6.28,endlos,576.33,75.93000000000006,15.173860911270998,12.0907643312102
PC8JJ4,Rheinmetall,BNP,Put,0.79,0.8,575.26,6.28,endlos,575.26,74.86000000000001,14.960031974420469,11.920382165605098
JK3BY5,Rheinmetall,JPMBV,Put,7.97,7.99,579.21,6.26,endlos,579.21,78.81000000000006,15.749400479616318,12.589456869009595
UM3QNN,Rheinmetall,UBSL,Put,7.97,7.99,576.47,6.26,endlos,576.47,76.07000000000005,15.20183852917667,12.151757188498411
HD478N,Rheinmetall,UNCR,Put,8.0,8.01,578.18,6.24,endlos,578.18,77.77999999999997,15.543565147881692,12.464743589743584
PC7BGK,Rheinmetall,BNP,Put,8.01,8.04,577.21,6.22,endlos,577.21,76.81000000000006,15.349720223820956,12.348874598070749
UM32U7,Rheinmetall,UBSL,Put,0.8,0.81,577.47,6.21,endlos,577.47,77.07000000000005,15.401678657074353,12.41062801932368
PC8JJ5,Rheinmetall,BNP,Put,0.8,0.81,576.26,6.2,endlos,576.26,75.86000000000001,15.159872102318147,12.235483870967744
PC5L70,Rheinmetall,BNP,Put,8.06,8.09,578.13,6.19,endlos,578.13,77.73000000000002,15.533573141486814,12.557350565428113
UM4G8M,Rheinmetall,UBSL,Put,8.08,8.1,577.59,6.18,endlos,577.59,77.19000000000005,15.425659472422074,12.490291262135932
VD2C8N,Rheinmetall,VON,Put,8.08,8.1,579.23,6.17,endlos,579.23,78.83000000000004,15.75339728217427,12.77633711507294
DQ2JLF,Rheinmetall,DZ,Put,8.08,8.11,552.83,6.17,endlos,580.42,80.01999999999998,15.991207034372499,12.969205834683951
UM3RHY,Rheinmetall,UBSL,Put,8.08,8.1,577.31,6.17,endlos,577.31,76.90999999999997,15.369704236610707,12.465153970826576
GG668Y,Rheinmetall,GS,Put,8.1,8.13,581.06,6.16,endlos,581.06,80.65999999999997,16.11910471622701,13.09415584415584
PC74HX,Rheinmetall,BNP,Put,8.1,8.13,551.7,6.16,endlos,580.73,80.33000000000004,16.053157474020793,13.040584415584421
UM4E2G,Rheinmetall,UBSL,Put,8.13,8.15,578.09,6.14,endlos,578.09,77.69000000000005,15.525579536370914,12.653094462540727
SW7VF9,Rheinmetall,scoge,Put,0.83,0.84,581.16,5.98,endlos,581.16,80.75999999999999,16.139088729016784,13.505016722408024
UM3AGJ,Rheinmetall,UBSL,Put,0.83,0.84,580.32,5.98,endlos,580.32,79.92000000000007,15.971223021582748,13.36454849498329
PC8H3S,Rheinmetall,BNP,Put,0.83,0.84,554.08,5.98,endlos,583.25,82.85000000000002,16.556754596322946,13.854515050167226
PC8JJ8,Rheinmetall,BNP,Put,0.83,0.84,579.25,5.98,endlos,579.25,78.85000000000002,15.757394084732221,13.185618729096992
PC74HY,Rheinmetall,BNP,Put,8.35,8.38,554.07,5.97,endlos,583.23,82.83000000000004,16.552757793764997,13.87437185929649
VD2C8T,Rheinmetall,VON,Put,8.38,8.4,582.23,5.95,endlos,582.23,81.83000000000004,16.352917665867313,13.752941176470594
UM28SR,Rheinmetall,UBSL,Put,8.38,8.4,580.32,5.95,endlos,580.32,79.92000000000007,15.971223021582748,13.431932773109256
PC6R24,Rheinmetall,BNP,Put,8.38,8.41,581.17,5.95,endlos,581.17,80.76999999999998,16.141087130295762,13.574789915966383
UM4DSW,Rheinmetall,UBSL,Put,8.42,8.44,580.67,5.92,endlos,580.67,80.26999999999998,16.04116706634692,13.55912162162162
UM4CNC,Rheinmetall,UBSL,Put,8.43,8.45,581.08,5.92,endlos,581.08,80.68000000000006,16.123101518784985,13.62837837837839
UM36P4,Rheinmetall,UBSL,Put,0.84,0.85,581.56,5.91,endlos,581.56,81.15999999999997,16.219024780175854,13.732656514382397
PC8JJ9,Rheinmetall,BNP,Put,0.84,0.85,580.25,5.91,endlos,580.25,79.85000000000002,15.957234212629901,13.510998307952626
JK3BY7,Rheinmetall,JPMBV,Put,8.47,8.49,584.18,5.89,endlos,584.18,83.77999999999997,16.74260591526778,14.22410865874363
UM4E3U,Rheinmetall,UBSL,Put,8.48,8.5,581.56,5.89,endlos,581.56,81.15999999999997,16.219024780175854,13.779286926994901
HD3Z9B,Rheinmetall,UNCR,Put,8.49,8.5,583.15,5.88,endlos,583.15,82.75,16.536770583533176,14.073129251700681
PC7BGN,Rheinmetall,BNP,Put,8.5,8.53,582.2,5.86,endlos,582.2,81.80000000000007,16.34692246203039,13.959044368600694
VD3RKG,Rheinmetall,VON,Put,8.52,8.54,555.35,5.86,endlos,584.61,84.21000000000004,16.828537170263797,14.3703071672355
HS5W68,Rheinmetall,TUB,Put,0.85,0.86,584.03,5.84,endlos,584.03,83.63,16.712629896083133,14.320205479452055
SW838L,Rheinmetall,scoge,Put,8.55,8.57,583.45,5.84,endlos,583.45,83.05000000000007,16.596722621902494,14.220890410958916
UM3HA7,Rheinmetall,UBSL,Put,0.85,0.86,582.18,5.84,endlos,582.18,81.77999999999997,16.342925659472417,14.003424657534243
GG5YEE,Rheinmetall,GS,Put,8.54,8.57,585.65,5.84,endlos,585.65,85.25,17.03637090327738,14.597602739726028
PC8JKA,Rheinmetall,BNP,Put,0.85,0.86,581.25,5.84,endlos,581.25,80.85000000000002,16.157074340527583,13.844178082191785
PC5QGM,Rheinmetall,BNP,Put,8.55,8.58,583.13,5.83,endlos,583.13,82.73000000000002,16.532773780975223,14.190394511149231
UM28Z5,Rheinmetall,UBSL,Put,8.56,8.58,582.18,5.83,endlos,582.18,81.77999999999997,16.342925659472417,14.027444253859343
UM4E2F,Rheinmetall,UBSL,Put,8.58,8.6,582.58,5.82,endlos,582.58,82.18000000000006,16.42286171063151,14.120274914089357
MG144A,Rheinmetall,MSI,Put,8.59,8.61,583.9,5.81,endlos,583.9,83.5,16.686650679456434,14.371772805507746
PC74HZ,Rheinmetall,BNP,Put,8.6,8.63,556.44,5.8,endlos,585.73,85.33000000000004,17.052358113509204,14.712068965517249
UM4G8L,Rheinmetall,UBSL,Put,8.63,8.65,583.07,5.78,endlos,583.07,82.67000000000007,16.520783373301374,14.302768166089978
UM3714,Rheinmetall,UBSL,Put,0.86,0.87,583.56,5.78,endlos,583.56,83.15999999999997,16.618705035971217,14.38754325259515
DQ2JLG,Rheinmetall,DZ,Put,8.64,8.67,558.15,5.77,endlos,586.01,85.61000000000001,17.108313349320547,14.837088388214909
PC8JKD,Rheinmetall,BNP,Put,0.88,0.89,584.25,5.64,endlos,584.25,83.85000000000002,16.756594724220626,14.86702127659575
PC74H0,Rheinmetall,BNP,Put,8.85,8.88,558.81,5.64,endlos,588.22,87.82000000000005,17.549960031974432,15.570921985815612
UM39X0,Rheinmetall,UBSL,Put,8.88,8.9,585.57,5.62,endlos,585.57,85.17000000000007,17.02038369304558,15.154804270462646
UM3PBS,Rheinmetall,UBSL,Put,8.88,8.9,585.28,5.62,endlos,585.28,84.88,16.962430055955235,15.103202846975089
PC7BGR,Rheinmetall,BNP,Put,8.89,8.92,586.19,5.61,endlos,586.19,85.79000000000008,17.14428457234214,15.29233511586454
JK59LX,Rheinmetall,JPMBV,Put,8.92,8.94,588.47,5.6,endlos,588.47,88.07000000000005,17.59992006394885,15.726785714285723
UM4JB6,Rheinmetall,UBSL,Put,8.93,8.95,586.07,5.59,endlos,586.07,85.67000000000007,17.12030375699442,15.32558139534885
UM38UY,Rheinmetall,UBSL,Put,0.89,0.9,586.55,5.58,endlos,586.55,86.14999999999998,17.21622701838529,15.43906810035842
PC8JKE,Rheinmetall,BNP,Put,0.89,0.9,585.24,5.58,endlos,585.24,84.84000000000003,16.954436450839335,15.204301075268823
UM37RW,Rheinmetall,UBSL,Put,8.97,8.99,586.55,5.56,endlos,586.55,86.14999999999998,17.21622701838529,15.49460431654676
VD2C8W,Rheinmetall,VON,Put,8.99,9.01,588.24,5.55,endlos,588.24,87.84000000000003,17.55395683453238,15.827027027027034
PC7BGT,Rheinmetall,BNP,Put,8.99,9.02,587.19,5.55,endlos,587.19,86.79000000000008,17.344124700239824,15.637837837837852
HD478P,Rheinmetall,UNCR,Put,9.0,9.01,588.16,5.55,endlos,588.16,87.75999999999999,17.53796962430056,15.812612612612611
GG6TSK,Rheinmetall,GS,Put,9.01,9.04,572.43,5.53,endlos,590.15,89.75,17.935651478816947,16.229656419529835
UM3GNH,Rheinmetall,UBSL,Put,0.9,0.91,587.09,5.52,endlos,587.09,86.69000000000005,17.32414068745005,15.704710144927548
PC5QGP,Rheinmetall,BNP,Put,9.04,9.07,588.12,5.52,endlos,588.12,87.72000000000003,17.52997601918466,15.891304347826093
UM24A3,Rheinmetall,UBSL,Put,9.05,9.07,587.09,5.52,endlos,587.09,86.69000000000005,17.32414068745005,15.704710144927548
PC8JKF,Rheinmetall,BNP,Put,0.9,0.91,586.24,5.52,endlos,586.24,85.84000000000003,17.15427657873702,15.550724637681167
GG5YK7,Rheinmetall,GS,Put,9.07,9.1,591.06,5.5,endlos,591.06,90.65999999999997,18.11750599520383,16.483636363636357
DQ1SG6,Rheinmetall,DZ,Put,9.07,9.1,588.06,5.5,endlos,588.06,87.65999999999997,17.517985611510785,15.938181818181812
UM36NF,Rheinmetall,UBSL,Put,9.08,9.1,587.56,5.5,endlos,587.56,87.15999999999997,17.418065547561945,15.847272727272722
HS5XWY,Rheinmetall,TUB,Put,9.08,9.12,590.01,5.49,endlos,590.01,89.61000000000001,17.907673860911274,16.3224043715847
PC74H1,Rheinmetall,BNP,Put,9.1,9.13,561.18,5.48,endlos,590.72,90.32000000000005,18.049560351718636,16.481751824817525
UM38TL,Rheinmetall,UBSL,Put,9.13,9.15,588.06,5.47,endlos,588.06,87.65999999999997,17.517985611510785,16.02559414990859
UM4KLF,Rheinmetall,UBSL,Put,0.91,0.92,588.56,5.46,endlos,588.56,88.15999999999997,17.617905675459628,16.146520146520142
UM4CS1,Rheinmetall,UBSL,Put,0.91,0.92,587.65,5.46,endlos,587.65,87.25,17.436051159072743,15.97985347985348
PC8H3V,Rheinmetall,BNP,Put,0.91,0.92,561.2,5.46,endlos,590.73,90.33000000000004,18.05155875299761,16.54395604395605
PC8JKG,Rheinmetall,BNP,Put,0.91,0.92,587.24,5.46,endlos,587.24,86.84000000000003,17.354116706634702,15.90476190476191
PC8JKH,Rheinmetall,BNP,Put,0.91,0.92,588.24,5.46,endlos,588.24,87.84000000000003,17.55395683453238,16.087912087912095
DQ2GUD,Rheinmetall,DZ,Put,9.16,9.19,563.16,5.45,endlos,591.27,90.87,18.159472422062354,16.673394495412843
UM332Q,Rheinmetall,UBSL,Put,9.43,9.45,589.68,5.29,endlos,589.68,89.27999999999997,17.84172661870503,16.877126654064266
HD45JM,Rheinmetall,UNCR,Put,9.44,9.45,578.0,5.29,endlos,593.15,92.75,18.53517186250999,17.533081285444233
UM3LMC,Rheinmetall,UBSL,Put,0.94,0.95,591.15,5.29,endlos,591.15,90.75,18.13549160671463,17.15500945179584
PC7LAY,Rheinmetall,BNP,Put,9.45,9.48,592.2,5.28,endlos,592.2,91.80000000000007,18.345323741007206,17.386363636363647
JK39KD,Rheinmetall,JPMBV,Put,9.47,9.49,594.25,5.27,endlos,594.25,93.85000000000002,18.754996003197448,17.808349146110064
UM13KH,Rheinmetall,UBSL,Put,9.48,9.5,591.64,5.27,endlos,591.64,91.24000000000001,18.233413269384496,17.313092979127138
HD478Q,Rheinmetall,UNCR,Put,9.49,9.5,593.15,5.26,endlos,593.15,92.75,18.53517186250999,17.633079847908746
DQ2PFM,Rheinmetall,DZ,Put,9.5,9.53,592.42,5.25,endlos,592.42,92.01999999999998,18.389288569144682,17.527619047619044
GG6698,Rheinmetall,GS,Put,9.49,9.52,595.06,5.25,endlos,595.06,94.65999999999997,18.91686650679456,18.030476190476186
SW838M,Rheinmetall,scoge,Put,9.53,9.55,593.44,5.24,endlos,593.44,93.04000000000008,18.593125499600337,17.75572519083971
UM35KC,Rheinmetall,UBSL,Put,9.53,9.55,592.05,5.24,endlos,592.05,91.64999999999998,18.31534772182254,17.49045801526717
UM3332,Rheinmetall,UBSL,Put,9.53,9.55,590.68,5.23,endlos,590.68,90.27999999999997,18.041566746602715,17.261950286806876
UM37Y6,Rheinmetall,UBSL,Put,0.95,0.96,592.55,5.23,endlos,592.55,92.14999999999998,18.41526778577138,17.619502868068828
HS5YWH,Rheinmetall,TUB,Put,0.95,0.96,564.31,5.23,endlos,594.01,93.61000000000001,18.707034372502,17.89866156787763
PC5T87,Rheinmetall,BNP,Put,9.54,9.57,593.11,5.23,endlos,593.11,92.71000000000004,18.52717825739409,17.726577437858513
UM4G5L,Rheinmetall,UBSL,Put,0.95,0.96,591.68,5.23,endlos,591.68,91.27999999999997,18.241406874500395,17.45315487571701
PC8H3W,Rheinmetall,BNP,Put,0.95,0.96,563.57,5.23,endlos,593.23,92.83000000000004,18.551159072741815,17.749521988527732
PC8JKM,Rheinmetall,BNP,Put,0.95,0.96,591.23,5.23,endlos,591.23,90.83000000000004,18.15147881694645,17.367112810707464
MG0H16,Rheinmetall,MSI,Put,9.55,9.57,593.87,5.22,endlos,593.87,93.47000000000003,18.679056754596328,17.906130268199238
UM4DQF,Rheinmetall,UBSL,Put,9.58,9.6,592.55,5.21,endlos,592.55,92.14999999999998,18.41526778577138,17.687140115163142
VD2C8Z,Rheinmetall,VON,Put,9.59,9.61,594.24,5.2,endlos,594.24,93.84000000000003,18.752997601918473,18.046153846153853
PC7K0A,Rheinmetall,BNP,Put,9.6,9.63,565.91,5.2,endlos,595.69,95.29000000000008,19.04276578737012,18.325000000000014
UM3PBR,Rheinmetall,UBSL,Put,0.96,0.97,593.25,5.18,endlos,593.25,92.85000000000002,18.555155875299768,17.92471042471043
PC8H3X,Rheinmetall,BNP,Put,0.96,0.97,565.94,5.17,endlos,595.72,95.32000000000005,19.048760991207043,18.43713733075436
PC8JKN,Rheinmetall,BNP,Put,0.96,0.97,592.23,5.17,endlos,592.23,91.83000000000004,18.351318944844135,17.76208897485494
PC8JKR,Rheinmetall,BNP,Put,0.96,0.97,594.23,5.17,endlos,594.23,93.83000000000004,18.750999200639498,18.148936170212774
PC7LAZ,Rheinmetall,BNP,Put,9.65,9.68,594.19,5.17,endlos,594.19,93.79000000000008,18.7430055955236,18.141199226305623
HD4CL5,Rheinmetall,UNCR,Put,9.68,9.69,595.18,5.16,endlos,595.18,94.77999999999997,18.940847322142282,18.36821705426356
UM3QF7,Rheinmetall,UBSL,Put,9.68,9.7,593.25,5.15,endlos,593.25,92.85000000000002,18.555155875299768,18.029126213592235
HS593G,Rheinmetall,TUB,Put,9.68,9.72,596.05,5.15,endlos,596.05,95.64999999999998,19.114708233413268,18.572815533980577
UM37XU,Rheinmetall,UBSL,Put,0.99,1.0,596.54,5.02,endlos,596.54,96.13999999999999,19.21262989608313,19.151394422310755
PC8JKV,Rheinmetall,BNP,Put,0.99,1.0,597.22,5.02,endlos,597.22,96.82000000000005,19.34852118305357,19.286852589641445
GG69HJ,Rheinmetall,GS,Put,9.94,9.97,581.37,5.01,endlos,599.37,98.97000000000003,19.77817745803358,19.754491017964078
PC7LA1,Rheinmetall,BNP,Put,9.95,9.98,597.19,5.01,endlos,597.19,96.79000000000008,19.342525979216642,19.319361277445125
UM28YT,Rheinmetall,UBSL,Put,9.96,9.98,596.13,5.01,endlos,596.13,95.73000000000002,19.130695443645088,19.10778443113773
UM382H,Rheinmetall,UBSL,Put,9.98,10.0,596.54,5.0,endlos,596.54,96.13999999999999,19.21262989608313,19.227999999999998
VD2FXX,Rheinmetall,VON,Put,9.98,10.0,598.24,5.0,endlos,598.24,97.84000000000003,19.5523581135092,19.568000000000005
HD478R,Rheinmetall,UNCR,Put,9.99,10.0,598.14,5.0,endlos,598.14,97.74000000000001,19.532374100719426,19.548000000000002
PC5T88,Rheinmetall,BNP,Put,10.03,10.06,598.1,4.97,endlos,598.1,97.70000000000005,19.524380495603527,19.65794768611671
DQ0YYW,Rheinmetall,DZ,Put,10.04,10.07,598.23,4.97,endlos,598.23,97.83000000000004,19.550359712230225,19.684104627766608
UM3CMP,Rheinmetall,UBSL,Put,1.0,1.01,597.26,4.97,endlos,597.26,96.86000000000001,19.35651478816947,19.488933601609663
UM4GZN,Rheinmetall,UBSL,Put,10.08,10.1,597.53,4.95,endlos,597.53,97.13,19.410471622701838,19.62222222222222
UM3GZ6,Rheinmetall,UBSL,Put,10.08,10.1,597.26,4.95,endlos,597.26,96.86000000000001,19.35651478816947,19.56767676767677
PC7K0B,Rheinmetall,BNP,Put,10.1,10.13,570.65,4.94,endlos,600.68,100.27999999999997,20.039968025579533,20.299595141700397
UM3XKB,Rheinmetall,UBSL,Put,1.01,1.02,598.29,4.92,endlos,598.29,97.88999999999999,19.562350119904075,19.896341463414632
PC7LA2,Rheinmetall,BNP,Put,10.14,10.17,599.19,4.92,endlos,599.19,98.79000000000008,19.74220623501201,20.079268292682944
PC8JKW,Rheinmetall,BNP,Put,1.01,1.02,598.22,4.92,endlos,598.22,97.82000000000005,19.54836131095125,19.882113821138223
UM3YNE,Rheinmetall,UBSL,Put,10.17,10.19,598.29,4.91,endlos,598.29,97.88999999999999,19.562350119904075,19.936863543788185
UM38TK,Rheinmetall,UBSL,Put,10.23,10.25,599.03,4.88,endlos,599.03,98.63,19.71023181454836,20.21106557377049
UM3640,Rheinmetall,UBSL,Put,1.02,1.03,599.53,4.87,endlos,599.53,99.13,19.810151878497205,20.35523613963039
VD2C8B,Rheinmetall,VON,Put,10.24,10.26,571.45,4.87,endlos,601.55,101.14999999999998,20.21382893685052,20.7700205338809
PC7LA3,Rheinmetall,BNP,Put,10.24,10.27,600.18,4.87,endlos,600.18,99.77999999999997,19.94004796163069,20.488706365503074
JK3W7R,Rheinmetall,JPMBV,Put,10.25,10.27,601.7,4.87,endlos,601.7,101.30000000000007,20.243804956035184,20.800821355236152
PC8H3Z,Rheinmetall,BNP,Put,1.02,1.03,570.68,4.87,endlos,600.72,100.32000000000005,20.047961630695454,20.59958932238194
PC8JKX,Rheinmetall,BNP,Put,1.02,1.03,599.22,4.87,endlos,599.22,98.82000000000005,19.74820143884893,20.29158110882958
HD4CL6,Rheinmetall,UNCR,Put,10.27,10.28,601.17,4.86,endlos,601.17,100.76999999999998,20.1378896882494,20.734567901234563
UM4DQE,Rheinmetall,UBSL,Put,10.28,10.3,599.53,4.86,endlos,599.53,99.13,19.810151878497205,20.397119341563783
VD2FX2,Rheinmetall,VON,Put,10.29,10.31,601.25,4.85,endlos,601.25,100.85000000000002,20.153876898481222,20.7938144329897
DQ12K5,Rheinmetall,DZ,Put,10.29,10.32,573.89,4.85,endlos,602.53,102.13,20.40967226219025,21.057731958762886
JK2RYL,Rheinmetall,JPMBV,Put,10.3,10.32,567.0,4.85,endlos,603.26,102.86000000000001,20.55555555555556,21.208247422680415
SW838N,Rheinmetall,scoge,Put,10.53,10.55,603.43,4.74,endlos,603.43,103.02999999999997,20.58952837729816,21.736286919831215
MG0GSE,Rheinmetall,MSI,Put,10.52,10.54,569.34,4.74,endlos,605.56,105.15999999999997,21.015187849720217,22.18565400843881
UM4KE8,Rheinmetall,UBSL,Put,10.53,10.55,602.02,4.74,endlos,602.02,101.62,20.307753796962434,21.438818565400844
UM3ZQH,Rheinmetall,UBSL,Put,1.05,1.06,602.28,4.74,endlos,602.28,101.88,20.359712230215827,21.493670886075947
PC8JK1,Rheinmetall,BNP,Put,1.05,1.06,603.21,4.73,endlos,603.21,102.81000000000006,20.545563549160683,21.73572938689219
JK2RYQ,Rheinmetall,JPMBV,Put,10.56,10.58,569.5,4.73,endlos,605.91,105.50999999999999,21.085131894484412,22.30655391120507
UM3Q5L,Rheinmetall,UBSL,Put,10.57,10.59,602.28,4.72,endlos,602.28,101.88,20.359712230215827,21.584745762711865
VD2FXZ,Rheinmetall,VON,Put,10.59,10.61,604.25,4.71,endlos,604.25,103.85000000000002,20.753397282174266,22.048832271762212
PC7WXT,Rheinmetall,BNP,Put,10.59,10.62,575.4,4.71,endlos,605.68,105.27999999999997,21.03916866506794,22.352441613588105
UM36V3,Rheinmetall,UBSL,Put,1.06,1.07,603.51,4.69,endlos,603.51,103.11000000000001,20.60551558752998,21.98507462686567
PC7LA5,Rheinmetall,BNP,Put,10.64,10.67,604.18,4.69,endlos,604.18,103.77999999999997,20.739408473221417,22.127931769722807
PC8JK2,Rheinmetall,BNP,Put,1.06,1.07,604.21,4.69,endlos,604.21,103.81000000000006,20.745403677058366,22.134328358208965
HD4H8Z,Rheinmetall,UNCR,Put,10.67,10.68,605.22,4.68,endlos,605.22,104.82000000000005,20.94724220623502,22.39743589743591
UM4ETH,Rheinmetall,UBSL,Put,10.68,10.7,603.51,4.67,endlos,603.51,103.11000000000001,20.60551558752998,22.07922912205568
HS5UL5,Rheinmetall,TUB,Put,10.69,10.73,575.76,4.67,endlos,606.06,105.65999999999997,21.11510791366906,22.625267665952883
GG5SDC,Rheinmetall,GS,Put,10.69,10.72,588.68,4.67,endlos,606.91,106.50999999999999,21.284972022382092,22.807280513918627
DQ2UGA,Rheinmetall,DZ,Put,10.7,10.73,577.54,4.66,endlos,606.36,105.96000000000004,21.175059952038378,22.73819742489271
GG6NEH,Rheinmetall,GS,Put,10.72,10.75,607.53,4.65,endlos,607.53,107.13,21.40887290167866,23.03870967741935
SW7CVF,Rheinmetall,scoge,Put,1.07,1.08,575.02,4.65,endlos,607.48,107.08000000000004,21.39888089528378,23.02795698924732
UM2010,Rheinmetall,UBSL,Put,1.07,1.08,604.09,4.65,endlos,604.09,103.69000000000005,20.721422861710643,22.298924731182804
JK3W7T,Rheinmetall,JPMBV,Put,10.75,10.77,606.68,4.64,endlos,606.68,106.27999999999997,21.23900879296562,22.9051724137931
PC8H31,Rheinmetall,BNP,Put,1.07,1.08,575.42,4.64,endlos,605.71,105.31000000000006,21.04516386890489,22.696120689655185
UM3H0E,Rheinmetall,UBSL,Put,10.75,10.77,604.09,4.64,endlos,604.09,103.69000000000005,20.721422861710643,22.346982758620705
PC6WTE,Rheinmetall,BNP,Put,10.75,10.78,605.14,4.64,endlos,605.14,104.74000000000001,20.9312549960032,22.573275862068968
UM4E2E,Rheinmetall,UBSL,Put,10.78,10.8,604.51,4.63,endlos,604.51,104.11000000000001,20.805355715427662,22.485961123110155
JK2RYM,Rheinmetall,JPMBV,Put,10.83,10.85,572.0,4.61,endlos,608.56,108.15999999999997,21.614708233413264,23.462039045553137
JK7PL3,Rheinmetall,JPMBV,Put,1.08,1.09,607.5,4.61,endlos,607.5,107.10000000000002,21.40287769784173,23.232104121475057
SW7WXC,Rheinmetall,scoge,Put,1.08,1.09,606.09,4.6,endlos,606.09,105.69000000000005,21.121103117506006,22.97608695652175
GG6693,Rheinmetall,GS,Put,11.09,11.12,611.05,4.5,endlos,611.05,110.64999999999998,22.112310151878496,24.588888888888885
PC74H3,Rheinmetall,BNP,Put,11.1,11.13,580.15,4.5,endlos,610.68,110.27999999999997,22.03836930455635,24.50666666666666
DQ1UX8,Rheinmetall,DZ,Put,11.1,11.13,608.61,4.49,endlos,608.61,108.21000000000004,21.624700239808163,24.100222717149226
PC72WS,Rheinmetall,BNP,Put,11.13,11.16,609.18,4.48,endlos,609.18,108.77999999999997,21.738609112709828,24.281249999999993
UM3PU4,Rheinmetall,UBSL,Put,1.11,1.12,608.26,4.48,endlos,608.26,107.86000000000001,21.55475619504397,24.075892857142858
PC8JK6,Rheinmetall,BNP,Put,1.11,1.12,608.2,4.48,endlos,608.2,107.80000000000007,21.54276578737012,24.062500000000014
DQ0W8X,Rheinmetall,DZ,Put,11.17,11.2,582.39,4.47,endlos,611.46,111.06000000000006,22.19424460431656,24.845637583892632
UM33DZ,Rheinmetall,UBSL,Put,11.17,11.19,608.24,4.47,endlos,608.24,107.84000000000003,21.550759392486018,24.125279642058175
VD2NLZ,Rheinmetall,VON,Put,11.18,11.2,610.24,4.46,endlos,610.24,109.84000000000003,21.95043964828138,24.627802690582968
PC74VG,Rheinmetall,BNP,Put,11.23,11.26,610.18,4.44,endlos,610.18,109.77999999999997,21.93844924060751,24.725225225225216
JK2ECW,Rheinmetall,JPMBV,Put,11.24,11.26,611.68,4.44,endlos,611.68,111.27999999999997,22.23820943245403,25.063063063063055
UM138G,Rheinmetall,UBSL,Put,11.25,11.27,609.27,4.44,endlos,609.27,108.87,21.756594724220626,24.52027027027027
PC8H33,Rheinmetall,BNP,Put,1.12,1.13,580.16,4.44,endlos,610.7,110.30000000000007,22.042366107114322,24.842342342342356
PC8JK7,Rheinmetall,BNP,Put,1.12,1.13,609.2,4.44,endlos,609.2,108.80000000000007,21.742605915267802,24.504504504504517
HD4JBS,Rheinmetall,UNCR,Put,11.26,11.27,611.22,4.44,endlos,611.22,110.82000000000005,22.146282973621116,24.959459459459467
JK7PL4,Rheinmetall,JPMBV,Put,1.13,1.14,612.48,4.4,endlos,612.48,112.08000000000004,22.398081534772192,25.47272727272728
SW7W4L,Rheinmetall,scoge,Put,1.13,1.14,611.08,4.4,endlos,611.08,110.68000000000006,22.118305355715442,25.154545454545467
PC56B2,Rheinmetall,BNP,Put,11.34,11.37,582.43,4.4,endlos,613.09,112.69000000000005,22.519984012789777,25.611363636363645
UM3YTG,Rheinmetall,UBSL,Put,1.13,1.14,610.23,4.4,endlos,610.23,109.83000000000004,21.948441247002407,24.961363636363643
PC6WTF,Rheinmetall,BNP,Put,11.34,11.37,611.12,4.4,endlos,611.12,110.72000000000003,22.126298960831342,25.163636363636368
PC8H34,Rheinmetall,BNP,Put,1.13,1.14,582.53,4.4,endlos,613.19,112.79000000000008,22.53996802557955,25.634090909090926
PC8JK8,Rheinmetall,BNP,Put,1.13,1.14,610.2,4.4,endlos,610.2,109.80000000000007,21.942446043165482,24.954545454545467
JK30BQ,Rheinmetall,JPMBV,Put,11.36,11.38,577.0,4.4,endlos,613.87,113.47000000000003,22.675859312549967,25.788636363636368
UM3SU5,Rheinmetall,UBSL,Put,11.36,11.38,610.36,4.39,endlos,610.36,109.96000000000004,21.974420463629105,25.047835990888395
HD496K,Rheinmetall,UNCR,Put,11.41,11.42,598.0,4.38,endlos,613.11,112.71000000000004,22.52398081534773,25.732876712328775
PC74VH,Rheinmetall,BNP,Put,11.43,11.46,612.18,4.37,endlos,612.18,111.77999999999997,22.33812949640287,25.578947368421044
PC8JK9,Rheinmetall,BNP,Put,1.14,1.15,611.2,4.36,endlos,611.2,110.80000000000007,22.142286171063162,25.412844036697262
UM3WGB,Rheinmetall,UBSL,Put,11.46,11.48,611.34,4.36,endlos,611.34,110.94000000000005,22.170263788968835,25.44495412844038
GG6Q9S,Rheinmetall,GS,Put,11.46,11.49,596.21,4.35,endlos,614.67,114.26999999999998,22.835731414868103,26.268965517241377
JK6ZMM,Rheinmetall,JPMBV,Put,11.47,11.49,614.2,4.35,endlos,614.2,113.80000000000007,22.74180655475621,26.1609195402299
VD2NLW,Rheinmetall,VON,Put,11.79,11.81,616.25,4.23,endlos,616.25,115.85000000000002,23.15147881694645,27.387706855791965
PC74VK,Rheinmetall,BNP,Put,11.82,11.85,616.17,4.22,endlos,616.17,115.76999999999998,23.135491606714627,27.433649289099524
JK7PL5,Rheinmetall,JPMBV,Put,1.18,1.19,617.47,4.22,endlos,617.47,117.07000000000005,23.395283772981625,27.741706161137454
DQ1R81,Rheinmetall,DZ,Put,11.83,11.86,588.39,4.22,endlos,617.75,117.35000000000002,23.45123900879297,27.808056872037923
UM3QVQ,Rheinmetall,UBSL,Put,1.18,1.19,615.33,4.22,endlos,615.33,114.93000000000006,22.967625899280588,27.23459715639812
SW7Y0L,Rheinmetall,scoge,Put,1.18,1.19,616.08,4.21,endlos,616.08,115.68000000000006,23.117505995203853,27.477434679334934
DQ05BW,Rheinmetall,DZ,Put,11.84,11.87,616.28,4.21,endlos,616.28,115.88,23.157474020783372,27.524940617577197
PC7K0C,Rheinmetall,BNP,Put,11.84,11.87,587.24,4.21,endlos,618.15,117.75,23.53117505995204,27.96912114014252
PC8H36,Rheinmetall,BNP,Put,1.18,1.19,587.27,4.21,endlos,618.18,117.77999999999997,23.537170263788965,27.976247030878852
PC8JLD,Rheinmetall,BNP,Put,1.18,1.19,615.19,4.21,endlos,615.19,114.79000000000008,22.939648281374918,27.26603325415679
UM3ZPK,Rheinmetall,UBSL,Put,11.86,11.88,615.33,4.21,endlos,615.33,114.93000000000006,22.967625899280588,27.299287410926382
JK30BM,Rheinmetall,JPMBV,Put,11.89,11.91,582.0,4.2,endlos,619.17,118.76999999999998,23.73501199040767,28.27857142857142
GG669J,Rheinmetall,GS,Put,11.89,11.92,619.05,4.19,endlos,619.05,118.64999999999998,23.71103117505995,28.317422434367533
JK67HK,Rheinmetall,JPMBV,Put,11.9,11.92,618.49,4.19,endlos,618.49,118.09000000000003,23.599120703437258,28.183770883054898
VD2FXL,Rheinmetall,VON,Put,11.93,11.95,587.52,4.18,endlos,618.46,118.06000000000006,23.593125499600333,28.244019138756
HS5H65,Rheinmetall,TUB,Put,11.92,11.96,587.2,4.18,endlos,618.11,117.71000000000004,23.52318145483614,28.160287081339725
PC8JLE,Rheinmetall,BNP,Put,1.19,1.2,616.19,4.18,endlos,616.19,115.79000000000008,23.139488409272598,27.700956937799063
HD49UT,Rheinmetall,UNCR,Put,11.96,11.97,618.1,4.18,endlos,618.1,117.70000000000005,23.521183053557166,28.157894736842117
PC8C8G,Rheinmetall,BNP,Put,11.96,11.99,617.18,4.17,endlos,617.18,116.77999999999997,23.337330135891282,28.00479616306954
PC6AHY,Rheinmetall,BNP,Put,12.01,12.04,618.08,4.16,endlos,618.08,117.68000000000006,23.517186250999213,28.288461538461554
UM3V0K,Rheinmetall,UBSL,Put,1.2,1.21,617.19,4.14,endlos,617.19,116.79000000000008,23.33932853717028,28.210144927536252
PC8JLF,Rheinmetall,BNP,Put,1.2,1.21,617.19,4.14,endlos,617.19,116.79000000000008,23.33932853717028,28.210144927536252
UM24GF,Rheinmetall,UBSL,Put,12.07,12.09,617.19,4.13,endlos,617.19,116.79000000000008,23.33932853717028,28.278450363196146
PC74H5,Rheinmetall,BNP,Put,12.09,12.12,589.63,4.13,endlos,620.66,120.25999999999999,24.03277378097522,29.11864406779661
DQ2GUE,Rheinmetall,DZ,Put,12.12,12.15,591.31,4.12,endlos,620.83,120.43000000000006,24.06674660271784,29.23058252427186
HS5HT8,Rheinmetall,TUB,Put,1.21,1.22,620.09,4.11,endlos,620.09,119.69000000000005,23.91886490807355,29.121654501216558
JK3G0Y,Rheinmetall,JPMBV,Put,12.15,12.17,584.5,4.11,endlos,621.84,121.44000000000005,24.268585131894497,29.547445255474464
PC8JLG,Rheinmetall,BNP,Put,1.21,1.22,618.18,4.11,endlos,618.18,117.77999999999997,23.537170263788965,28.656934306569333
PC8C8H,Rheinmetall,BNP,Put,12.16,12.19,619.18,4.1,endlos,619.18,118.77999999999997,23.737010391686646,28.970731707317068
JK2ECX,Rheinmetall,JPMBV,Put,12.24,12.26,621.63,4.08,endlos,621.63,121.23000000000002,24.22661870503598,29.713235294117652
JK7UZ9,Rheinmetall,JPMBV,Put,12.49,12.51,624.32,4.0,endlos,624.32,123.92000000000007,24.76418864908075,30.980000000000018
SW838Q,Rheinmetall,scoge,Put,12.51,12.53,623.4,3.99,endlos,623.4,123.0,24.580335731414866,30.82706766917293
PC6AHZ,Rheinmetall,BNP,Put,12.51,12.54,623.07,3.99,endlos,623.07,122.67000000000007,24.51438848920865,30.744360902255657
UM30NP,Rheinmetall,UBSL,Put,1.25,1.26,623.32,3.98,endlos,623.32,122.92000000000007,24.564348521183067,30.884422110552784
PC8JLL,Rheinmetall,BNP,Put,1.25,1.26,622.18,3.98,endlos,622.18,121.77999999999997,24.336530775379693,30.597989949748737
GG6691,Rheinmetall,GS,Put,12.58,12.61,626.05,3.96,endlos,626.05,125.64999999999998,25.10991207034372,31.729797979797976
HD4JBU,Rheinmetall,UNCR,Put,12.61,12.62,625.2,3.96,endlos,625.2,124.80000000000007,24.94004796163071,31.515151515151533
PC74H6,Rheinmetall,BNP,Put,12.59,12.62,594.37,3.96,endlos,625.65,125.25,25.02997601918465,31.62878787878788
PC8JLM,Rheinmetall,BNP,Put,1.26,1.27,623.18,3.95,endlos,623.18,122.77999999999997,24.536370903277373,31.08354430379746
UM3T65,Rheinmetall,UBSL,Put,12.66,12.68,623.32,3.94,endlos,623.32,122.92000000000007,24.564348521183067,31.197969543147227
VD2RKM,Rheinmetall,VON,Put,12.68,12.7,625.25,3.94,endlos,625.25,124.85000000000002,24.950039968025585,31.687817258883253
PC6XQM,Rheinmetall,BNP,Put,12.73,12.76,625.1,3.92,endlos,625.1,124.70000000000005,24.920063948840937,31.81122448979593
JK3K3Q,Rheinmetall,JPMBV,Put,12.74,12.76,626.67,3.92,endlos,626.67,126.26999999999998,25.23381294964028,32.211734693877546
VD2NL5,Rheinmetall,VON,Put,12.77,12.79,595.49,3.91,endlos,626.86,126.46000000000004,25.271782573940854,32.34271099744247
JK7PL7,Rheinmetall,JPMBV,Put,1.28,1.29,627.44,3.89,endlos,627.44,127.04000000000008,25.387689848121518,32.65809768637534
SW7Y0N,Rheinmetall,scoge,Put,1.28,1.29,626.06,3.89,endlos,626.06,125.65999999999997,25.111910471622696,32.30334190231361
PC7K0D,Rheinmetall,BNP,Put,12.84,12.87,596.73,3.89,endlos,628.13,127.73000000000002,25.525579536370905,32.835475578406175
UM3W46,Rheinmetall,UBSL,Put,1.28,1.29,625.14,3.89,endlos,625.14,124.74000000000001,24.928057553956837,32.066838046272494
PC8H39,Rheinmetall,BNP,Put,1.28,1.29,596.76,3.88,endlos,628.17,127.76999999999998,25.53357314148681,32.93041237113402
PC8JLN,Rheinmetall,BNP,Put,1.28,1.29,625.17,3.88,endlos,625.17,124.76999999999998,24.93405275779376,32.15721649484536
UM3VUF,Rheinmetall,UBSL,Put,12.86,12.88,625.14,3.88,endlos,625.14,124.74000000000001,24.928057553956837,32.149484536082475
DQ0YR3,Rheinmetall,DZ,Put,12.87,12.9,598.55,3.88,endlos,628.42,128.01999999999998,25.583533173461227,32.99484536082474
DQ1WPS,Rheinmetall,DZ,Put,12.88,12.91,626.59,3.87,endlos,626.59,126.19000000000005,25.217825739408482,32.607235142118874
JK6PH5,Rheinmetall,JPMBV,Put,12.9,12.92,628.53,3.87,endlos,628.53,128.13,25.605515587529975,33.10852713178294
JK30BR,Rheinmetall,JPMBV,Put,12.94,12.96,591.9,3.86,endlos,629.76,129.36,25.851318944844127,33.51295336787565
UM3S32,Rheinmetall,UBSL,Put,1.29,1.3,627.31,3.86,endlos,627.31,126.90999999999997,25.361710631494798,32.8782383419689
SW7WHS,Rheinmetall,scoge,Put,1.29,1.3,595.18,3.86,endlos,628.77,128.37,25.653477218225422,33.25647668393783
HD49UV,Rheinmetall,UNCR,Put,12.95,12.96,628.08,3.86,endlos,628.08,127.68000000000006,25.51558752997603,33.077720207253904
VD2RKJ,Rheinmetall,VON,Put,12.98,13.0,628.25,3.84,endlos,628.25,127.85000000000002,25.549560351718632,33.29427083333334
PC6R26,Rheinmetall,BNP,Put,13.02,13.05,628.08,3.83,endlos,628.08,127.68000000000006,25.51558752997603,33.336814621409935
JK6X3G,Rheinmetall,JPMBV,Put,13.49,13.51,634.4,3.7,endlos,634.4,134.0,26.77857713828937,36.21621621621622
SW838R,Rheinmetall,scoge,Put,13.51,13.53,633.38,3.7,endlos,633.38,132.98000000000002,26.574740207833734,35.940540540540546
JK21BS,Rheinmetall,JPMBV,Put,13.51,13.53,597.0,3.7,endlos,635.11,134.71000000000004,26.92046362909673,36.40810810810812
PC6TXK,Rheinmetall,BNP,Put,13.51,13.54,633.08,3.69,endlos,633.08,132.68000000000006,26.514788169464442,35.95663956639568
UM3PTS,Rheinmetall,UBSL,Put,1.35,1.36,632.18,3.69,endlos,632.18,131.77999999999997,26.334932054356507,35.71273712737127
UM3MKC,Rheinmetall,UBSL,Put,13.56,13.58,632.18,3.68,endlos,632.18,131.77999999999997,26.334932054356507,35.80978260869564
GG668X,Rheinmetall,GS,Put,13.58,13.61,636.04,3.68,endlos,636.04,135.64,27.106314948041565,36.85869565217391
DQ10VQ,Rheinmetall,DZ,Put,13.57,13.6,633.43,3.68,endlos,633.43,133.02999999999997,26.584732214228612,36.14945652173912
VD2RKQ,Rheinmetall,VON,Put,13.59,13.61,634.26,3.67,endlos,634.26,133.86,26.750599520383695,36.4741144414169
PC8JLS,Rheinmetall,BNP,Put,1.36,1.37,633.16,3.66,endlos,633.16,132.76,26.53077537969624,36.27322404371584
PC6XQP,Rheinmetall,BNP,Put,13.72,13.75,635.08,3.64,endlos,635.08,134.68000000000006,26.91446842525981,37.000000000000014
JK45Q9,Rheinmetall,JPMBV,Put,13.75,13.77,636.69,3.64,endlos,636.69,136.29000000000008,27.236211031175078,37.442307692307715
SW8TJC,Rheinmetall,scoge,Put,1.38,1.39,636.06,3.61,endlos,636.06,135.65999999999997,27.110311750599514,37.57894736842105
JK7PL9,Rheinmetall,JPMBV,Put,1.38,1.39,637.41,3.61,endlos,637.41,137.01,27.38009592326139,37.95290858725762
PC74H7,Rheinmetall,BNP,Put,13.84,13.87,606.22,3.61,endlos,638.13,137.73000000000002,27.523980815347727,38.15235457063712
UM3V0R,Rheinmetall,UBSL,Put,1.38,1.39,635.11,3.61,endlos,635.11,134.71000000000004,26.92046362909673,37.31578947368422
PC8H4B,Rheinmetall,BNP,Put,1.38,1.39,606.24,3.6,endlos,638.15,137.75,27.527977617905673,38.263888888888886
PC8JLT,Rheinmetall,BNP,Put,1.38,1.39,635.15,3.6,endlos,635.15,134.75,26.928457234212633,37.43055555555556
VD2RKE,Rheinmetall,VON,Put,13.86,13.88,605.84,3.6,endlos,637.76,137.36,27.450039968025585,38.15555555555556
UM3QF6,Rheinmetall,UBSL,Put,13.86,13.88,635.11,3.6,endlos,635.11,134.71000000000004,26.92046362909673,37.41944444444445
VD2RKK,Rheinmetall,VON,Put,13.89,13.91,637.26,3.59,endlos,637.26,136.86,27.35011990407674,38.122562674094716
JK6PH3,Rheinmetall,JPMBV,Put,13.89,13.91,638.51,3.59,endlos,638.51,138.11,27.599920063948847,38.4707520891365
HD4CL7,Rheinmetall,UNCR,Put,13.94,13.95,638.1,3.58,endlos,638.1,137.70000000000005,27.517985611510802,38.463687150838
UM4E3T,Rheinmetall,UBSL,Put,1.39,1.4,636.4,3.58,endlos,636.4,136.0,27.17825739408473,37.988826815642454
UM4D13,Rheinmetall,UBSL,Put,13.96,13.98,636.4,3.58,endlos,636.4,136.0,27.17825739408473,37.988826815642454
JK3WQN,Rheinmetall,JPMBV,Put,14.01,14.03,602.0,3.57,endlos,640.47,140.07000000000005,27.991606714628308,39.23529411764707
DQ1UJX,Rheinmetall,DZ,Put,13.99,14.02,608.93,3.57,endlos,639.33,138.93000000000006,27.763788968824954,38.91596638655464
PC6TXL,Rheinmetall,BNP,Put,14.02,14.05,638.07,3.56,endlos,638.07,137.67000000000007,27.511990407673874,38.67134831460676
PC8JLU,Rheinmetall,BNP,Put,1.4,1.41,637.15,3.55,endlos,637.15,136.75,27.328137490007993,38.521126760563384
UM27T6,Rheinmetall,UBSL,Put,14.12,14.14,637.91,3.54,endlos,637.91,137.51,27.480015987210233,38.84463276836158
PC6TXM,Rheinmetall,BNP,Put,14.51,14.54,643.06,3.44,endlos,643.06,142.65999999999997,28.509192645883285,41.47093023255813
PC8JLX,Rheinmetall,BNP,Put,1.45,1.46,643.14,3.43,endlos,643.14,142.74,28.525179856115113,41.61516034985423
JK3WQQ,Rheinmetall,JPMBV,Put,14.57,14.59,607.0,3.43,endlos,645.77,145.37,29.050759392486015,42.38192419825073
UM28UY,Rheinmetall,UBSL,Put,14.64,14.66,642.98,3.41,endlos,642.98,142.58000000000004,28.493205435651486,41.81231671554253
UM3JCD,Rheinmetall,UBSL,Put,1.46,1.47,642.98,3.41,endlos,642.98,142.58000000000004,28.493205435651486,41.81231671554253
GG5YK6,Rheinmetall,GS,Put,14.66,14.69,647.01,3.4,endlos,647.01,146.61,29.298561151079138,43.12058823529412
PC7LA6,Rheinmetall,BNP,Put,14.7,14.73,645.1,3.4,endlos,645.1,144.70000000000005,28.916866506794577,42.55882352941178
VD2RJ0,Rheinmetall,VON,Put,14.71,14.73,613.93,3.39,endlos,646.27,145.87,29.15067945643485,43.02949852507375
JK4HJY,Rheinmetall,JPMBV,Put,14.73,14.75,646.87,3.39,endlos,646.87,146.47000000000003,29.270583533173465,43.20648967551623
PC8JLY,Rheinmetall,BNP,Put,1.47,1.48,645.14,3.38,endlos,645.14,144.74,28.924860111910473,42.8224852071006
DQ043H,Rheinmetall,DZ,Put,14.77,14.8,616.61,3.38,endlos,647.38,146.98000000000002,29.372501998401283,43.48520710059172
JK7PLC,Rheinmetall,JPMBV,Put,1.48,1.49,647.38,3.36,endlos,647.38,146.98000000000002,29.372501998401283,43.74404761904763
PC74H8,Rheinmetall,BNP,Put,14.84,14.87,615.71,3.36,endlos,648.11,147.71000000000004,29.518385291766595,43.96130952380954
SW5TAG,Rheinmetall,scoge,Put,1.48,1.49,646.02,3.36,endlos,646.02,145.62,29.100719424460436,43.339285714285715
HD4F1B,Rheinmetall,UNCR,Put,14.93,14.94,648.1,3.35,endlos,648.1,147.70000000000005,29.516386890487624,44.089552238805986
PC8H4D,Rheinmetall,BNP,Put,1.49,1.5,615.72,3.34,endlos,648.13,147.73000000000002,29.522382094324545,44.230538922155695
VD2S20,Rheinmetall,VON,Put,14.98,15.0,648.25,3.33,endlos,648.25,147.85000000000002,29.54636290967227,44.39939939939941
PC6WTJ,Rheinmetall,BNP,Put,15.01,15.04,648.05,3.32,endlos,648.05,147.64999999999998,29.506394884092725,44.472891566265055
SW70AC,Rheinmetall,scoge,Put,1.5,1.51,615.24,3.32,endlos,649.97,149.57000000000005,29.890087929656282,45.051204819277125
PC8JLZ,Rheinmetall,BNP,Put,1.5,1.51,647.13,3.32,endlos,647.13,146.73000000000002,29.32254196642686,44.19578313253013
DQ2GUF,Rheinmetall,DZ,Put,15.07,15.1,619.46,3.31,endlos,650.38,149.98000000000002,29.97202238209433,45.31117824773414
JK3Y9E,Rheinmetall,JPMBV,Put,15.1,15.12,612.0,3.31,endlos,651.08,150.68000000000006,30.111910471622714,45.522658610271925
UM2WSK,Rheinmetall,UBSL,Put,15.14,15.16,647.95,3.3,endlos,647.95,147.55000000000007,29.486410871302972,44.71212121212123
UM274K,Rheinmetall,UBSL,Put,1.51,1.52,647.95,3.3,endlos,647.95,147.55000000000007,29.486410871302972,44.71212121212123
PC8JL0,Rheinmetall,BNP,Put,1.52,1.53,649.13,3.27,endlos,649.13,148.73000000000002,29.72222222222223,45.48318042813456
JK4QS7,Rheinmetall,JPMBV,Put,15.25,15.27,651.85,3.27,endlos,651.85,151.45000000000005,30.265787370103926,46.314984709480136
DQ12UL,Rheinmetall,DZ,Put,15.28,15.31,650.81,3.27,endlos,650.81,150.40999999999997,30.057953637090325,45.99694189602445
VD2S2X,Rheinmetall,VON,Put,15.28,15.3,651.25,3.27,endlos,651.25,150.85000000000002,30.145883293365312,46.13149847094802
PC7LA7,Rheinmetall,BNP,Put,15.29,15.32,651.09,3.26,endlos,651.09,150.69000000000005,30.11390887290169,46.22392638036812
HD4JBV,Rheinmetall,UNCR,Put,15.89,15.9,658.14,3.15,endlos,658.14,157.74,31.522781774580338,50.07619047619048
VD2S24,Rheinmetall,VON,Put,15.89,15.91,657.26,3.14,endlos,657.26,156.86,31.34692246203038,49.955414012738856
DQ1L8D,Rheinmetall,DZ,Put,15.98,16.01,628.02,3.12,endlos,659.36,158.96000000000004,31.766586730615515,50.948717948717956
PC6WTM,Rheinmetall,BNP,Put,16.0,16.03,658.04,3.12,endlos,658.04,157.64,31.502797761790568,50.52564102564102
PC8JL4,Rheinmetall,BNP,Put,1.6,1.61,657.11,3.11,endlos,657.11,156.71000000000004,31.316946442845733,50.38906752411577
UM3TLH,Rheinmetall,UBSL,Put,1.61,1.62,658.05,3.09,endlos,658.05,157.64999999999998,31.504796163069543,51.01941747572815
JK3VP0,Rheinmetall,JPMBV,Put,16.16,16.18,621.9,3.09,endlos,661.68,161.27999999999997,32.23021582733813,52.194174757281544
UM26ML,Rheinmetall,UBSL,Put,16.16,16.18,658.05,3.09,endlos,658.05,157.64999999999998,31.504796163069543,51.01941747572815
JK5LBY,Rheinmetall,JPMBV,Put,16.22,16.24,661.87,3.08,endlos,661.87,161.47000000000003,32.2681854516387,52.42532467532468
PC8JL5,Rheinmetall,BNP,Put,1.62,1.63,659.11,3.07,endlos,659.11,158.71000000000004,31.716626698641097,51.69706840390881
DQ1QV6,Rheinmetall,DZ,Put,16.28,16.31,660.6,3.07,endlos,660.6,160.20000000000005,32.01438848920864,52.18241042345279
PC72WT,Rheinmetall,BNP,Put,16.29,16.32,661.08,3.06,endlos,661.08,160.68000000000006,32.110311750599536,52.50980392156865
SW5H9Z,Rheinmetall,scoge,Put,1.63,1.64,661.0,3.06,endlos,661.0,160.60000000000002,32.094324540367715,52.48366013071896
JK7PLE,Rheinmetall,JPMBV,Put,1.63,1.64,662.34,3.06,endlos,662.34,161.94000000000005,32.36211031175061,52.921568627450995
PC68GM,Rheinmetall,BNP,Put,16.36,16.39,629.89,3.05,endlos,663.04,162.64,32.501998401278975,53.324590163934424
VD2S2E,Rheinmetall,VON,Put,16.39,16.41,629.88,3.05,endlos,663.07,162.67000000000007,32.50799360511593,53.334426229508225
HD4H90,Rheinmetall,UNCR,Put,16.43,16.44,663.12,3.04,endlos,663.12,162.72000000000003,32.517985611510795,53.52631578947369
PC8H4F,Rheinmetall,BNP,Put,1.64,1.65,629.95,3.03,endlos,663.1,162.70000000000005,32.513988808952845,53.696369636963716
PC8JL6,Rheinmetall,BNP,Put,1.64,1.65,661.11,3.03,endlos,661.11,160.71000000000004,32.11630695443646,53.03960396039606
GG6NES,Rheinmetall,GS,Put,16.48,16.51,665.02,3.03,endlos,665.02,164.62,32.89768185451639,54.330033003300336
VD2XN1,Rheinmetall,VON,Put,16.49,16.51,663.26,3.03,endlos,663.26,162.86,32.54596322941647,53.74917491749176
PC6WTN,Rheinmetall,BNP,Put,16.5,16.53,663.03,3.02,endlos,663.03,162.63,32.5,53.85099337748344
UM3R8V,Rheinmetall,UBSL,Put,1.66,1.67,663.07,3.0,endlos,663.07,162.67000000000007,32.50799360511593,54.22333333333336
UM3UB9,Rheinmetall,UBSL,Put,16.65,16.67,663.07,3.0,endlos,663.07,162.67000000000007,32.50799360511593,54.22333333333336
PC8JL7,Rheinmetall,BNP,Put,1.66,1.67,663.1,3.0,endlos,663.1,162.70000000000005,32.513988808952845,54.23333333333335
JK2M2H,Rheinmetall,JPMBV,Put,16.69,16.71,627.0,2.99,endlos,667.03,166.63,33.29936051159073,55.72909698996655
PC74VL,Rheinmetall,BNP,Put,16.69,16.72,665.08,2.99,endlos,665.08,164.68000000000006,32.909672262190256,55.076923076923094
JK5N2P,Rheinmetall,JPMBV,Put,16.72,16.74,666.85,2.99,endlos,666.85,166.45000000000005,33.26338928856916,55.66889632107024
HS5KM8,Rheinmetall,TUB,Put,16.72,16.76,632.82,2.98,endlos,666.13,165.73000000000002,33.11950439648282,55.61409395973155
VD22XQ,Rheinmetall,VON,Put,17.37,17.39,672.25,2.87,endlos,672.25,171.85000000000002,34.34252597921663,59.87804878048781
HD4J5Z,Rheinmetall,UNCR,Put,17.38,17.39,658.0,2.87,endlos,673.12,172.72000000000003,34.51638689048762,60.18118466898955
HD4JBX,Rheinmetall,UNCR,Put,17.42,17.43,673.12,2.87,endlos,673.12,172.72000000000003,34.51638689048762,60.18118466898955
UM3TX8,Rheinmetall,UBSL,Put,17.44,17.46,671.17,2.86,endlos,671.17,170.76999999999998,34.12669864108713,59.70979020979021
UM3T5T,Rheinmetall,UBSL,Put,1.74,1.75,671.17,2.86,endlos,671.17,170.76999999999998,34.12669864108713,59.70979020979021
PC8H4G,Rheinmetall,BNP,Put,1.74,1.75,639.43,2.86,endlos,673.08,172.68000000000006,34.50839328537172,60.3776223776224
PC8JMB,Rheinmetall,BNP,Put,1.74,1.75,671.09,2.86,endlos,671.09,170.69000000000005,34.110711430855325,59.6818181818182
SW838U,Rheinmetall,scoge,Put,17.49,17.51,673.32,2.86,endlos,673.32,172.92000000000007,34.556354916067164,60.46153846153849
PC6XQQ,Rheinmetall,BNP,Put,17.5,17.53,673.01,2.85,endlos,673.01,172.61,34.49440447641887,60.564912280701755
PC8JMC,Rheinmetall,BNP,Put,1.76,1.77,673.08,2.83,endlos,673.08,172.68000000000006,34.50839328537172,61.01766784452299
PC8C8M,Rheinmetall,BNP,Put,17.7,17.73,675.08,2.82,endlos,675.08,174.68000000000006,34.90807354116708,61.94326241134755
JK5RU3,Rheinmetall,JPMBV,Put,17.75,17.77,676.84,2.82,endlos,676.84,176.44000000000005,35.259792166267005,62.56737588652484
UM33C4,Rheinmetall,UBSL,Put,1.77,1.78,674.26,2.81,endlos,674.26,173.86,34.744204636290974,61.87188612099644
VD29PR,Rheinmetall,VON,Put,17.78,17.8,677.23,2.81,endlos,677.23,176.83000000000004,35.33772981614709,62.92882562277581
UM3VHW,Rheinmetall,UBSL,Put,17.75,17.77,674.26,2.81,endlos,674.26,173.86,34.744204636290974,61.87188612099644
JK46B1,Rheinmetall,JPMBV,Put,17.76,17.78,637.0,2.81,endlos,677.69,177.29000000000008,35.42965627498003,63.09252669039149
DQ2CZT,Rheinmetall,DZ,Put,17.8,17.83,676.07,2.8,endlos,676.07,175.67000000000007,35.10591526778579,62.73928571428574
JK7PLH,Rheinmetall,JPMBV,Put,1.78,1.79,677.29,2.8,endlos,677.29,176.89,35.34972022382094,63.175
PC8JMD,Rheinmetall,BNP,Put,1.78,1.79,675.08,2.8,endlos,675.08,174.68000000000006,34.90807354116708,62.385714285714315
PC6XQR,Rheinmetall,BNP,Put,18.0,18.03,678.0,2.77,endlos,678.0,177.60000000000002,35.491606714628304,64.11552346570397
PC8JME,Rheinmetall,BNP,Put,1.8,1.81,677.08,2.77,endlos,677.08,176.68000000000006,35.307753796962444,63.78339350180508
VD2XN8,Rheinmetall,VON,Put,18.09,18.11,645.95,2.76,endlos,679.98,179.58000000000004,35.887290167865714,65.06521739130437
PC8JMF,Rheinmetall,BNP,Put,1.81,1.82,678.08,2.75,endlos,678.08,177.68000000000006,35.507593924860124,64.61090909090912
JK5RU9,Rheinmetall,JPMBV,Put,18.21,18.23,681.82,2.74,endlos,681.82,181.42000000000007,36.25499600319746,66.2116788321168
UM3LXF,Rheinmetall,UBSL,Put,18.23,18.25,678.88,2.74,endlos,678.88,178.48000000000002,35.667466027178264,65.13868613138686
SW8F3F,Rheinmetall,scoge,Put,1.82,1.83,680.98,2.74,endlos,680.98,180.58000000000004,36.087130295763394,65.9051094890511
UM31F7,Rheinmetall,UBSL,Put,1.82,1.83,678.88,2.74,endlos,678.88,178.48000000000002,35.667466027178264,65.13868613138686
JK5AA8,Rheinmetall,JPMBV,Put,18.29,18.31,642.0,2.73,endlos,683.03,182.63,36.496802557953636,66.8974358974359
JK7PLJ,Rheinmetall,JPMBV,Put,1.83,1.84,682.28,2.72,endlos,682.28,181.88,36.34692246203038,66.86764705882352
PC7A7L,Rheinmetall,BNP,Put,18.35,18.38,648.86,2.72,endlos,683.01,182.61,36.492805755395686,67.13602941176471
UM3848,Rheinmetall,UBSL,Put,19.17,19.19,689.24,2.61,endlos,689.24,188.84000000000003,37.737809752198245,72.35249042145595
HS5NPR,Rheinmetall,TUB,Put,1.91,1.92,655.61,2.61,endlos,690.11,189.71000000000004,37.91167066346923,72.68582375478928
PC8JMH,Rheinmetall,BNP,Put,1.91,1.92,688.06,2.61,endlos,688.06,187.65999999999997,37.501998401278975,71.90038314176245
JK4J53,Rheinmetall,JPMBV,Put,19.21,19.23,691.8,2.6,endlos,691.8,191.39999999999998,38.249400479616305,73.6153846153846
SW8GW2,Rheinmetall,scoge,Put,1.92,1.93,690.96,2.6,endlos,690.96,190.56000000000006,38.081534772182266,73.29230769230772
UM4EUW,Rheinmetall,UBSL,Put,1.92,1.93,689.24,2.6,endlos,689.24,188.84000000000003,37.737809752198245,72.63076923076925
DQ2ESM,Rheinmetall,DZ,Put,19.29,19.32,691.0,2.59,endlos,691.0,190.60000000000002,38.089528377298166,73.5907335907336
JK5P2H,Rheinmetall,JPMBV,Put,19.37,19.39,652.1,2.59,endlos,693.82,193.42000000000007,38.65307753796964,74.67953667953671
HS5NUW,Rheinmetall,TUB,Put,19.31,19.35,692.11,2.58,endlos,692.11,191.71000000000004,38.3113509192646,74.30620155038761
JK58GG,Rheinmetall,JPMBV,Put,1.93,1.94,692.25,2.58,endlos,692.25,191.85000000000002,38.33932853717027,74.36046511627907
VD3CVB,Rheinmetall,VON,Put,19.36,19.38,692.24,2.58,endlos,692.24,191.84000000000003,38.33733013589129,74.35658914728683
PC64B6,Rheinmetall,BNP,Put,19.35,19.38,658.33,2.58,endlos,692.98,192.58000000000004,38.48521183053558,74.64341085271319
MG22CQ,Rheinmetall,MSI,Put,19.43,19.45,693.86,2.57,endlos,693.86,193.46000000000004,38.66107114308554,75.27626459143971
PC8H4J,Rheinmetall,BNP,Put,1.94,1.95,658.4,2.57,endlos,693.05,192.64999999999998,38.49920063948841,74.96108949416342
DQ1QMG,Rheinmetall,DZ,Put,19.45,19.48,660.93,2.57,endlos,693.91,193.51,38.67106314948042,75.29571984435798
SW838V,Rheinmetall,scoge,Put,19.48,19.5,693.3,2.57,endlos,693.3,192.89999999999998,38.54916067146283,75.05836575875486
PC64T4,Rheinmetall,BNP,Put,19.5,19.53,692.98,2.56,endlos,692.98,192.58000000000004,38.48521183053558,75.22656250000001
PC8JMJ,Rheinmetall,BNP,Put,1.96,1.97,693.05,2.54,endlos,693.05,192.64999999999998,38.49920063948841,75.84645669291338
VD3CU8,Rheinmetall,VON,Put,19.66,19.68,695.24,2.54,endlos,695.24,194.84000000000003,38.93685051958434,76.70866141732284
JK4J59,Rheinmetall,JPMBV,Put,19.71,19.73,696.79,2.53,endlos,696.79,196.39,39.24660271782574,77.62450592885375
UM2YZ2,Rheinmetall,UBSL,Put,19.72,19.74,693.78,2.53,endlos,693.78,193.38,38.645083932853716,76.43478260869566
UM3CSH,Rheinmetall,UBSL,Put,1.97,1.98,693.78,2.53,endlos,693.78,193.38,38.645083932853716,76.43478260869566
JK58GH,Rheinmetall,JPMBV,Put,1.98,1.99,697.23,2.52,endlos,697.23,196.83000000000004,39.334532374100725,78.10714285714288
JK38WG,Rheinmetall,JPMBV,Put,19.87,19.89,657.2,2.51,endlos,699.18,198.77999999999997,39.724220623501196,79.19521912350598
VD3CU7,Rheinmetall,VON,Put,19.96,19.98,698.25,2.5,endlos,698.25,197.85000000000002,39.53836930455636,79.14000000000001
PC7LA9,Rheinmetall,BNP,Put,19.97,20.0,698.0,2.5,endlos,698.0,197.60000000000002,39.48840927258194,79.04
VD3CUN,Rheinmetall,VON,Put,20.11,20.13,665.49,2.48,endlos,700.55,200.14999999999998,39.998001598721025,80.70564516129032
PC8JMK,Rheinmetall,BNP,Put,2.01,2.02,698.04,2.48,endlos,698.04,197.64,39.49640287769784,79.69354838709677
JK4J5B,Rheinmetall,JPMBV,Put,20.2,20.22,701.77,2.47,endlos,701.77,201.37,40.241806554756195,81.52631578947368
SW8NBN,Rheinmetall,scoge,Put,2.02,2.03,700.96,2.47,endlos,700.96,200.56000000000006,40.07993605115909,81.19838056680163
VD3NCZ,Rheinmetall,VON,Put,21.17,21.19,710.22,2.36,endlos,710.22,209.82000000000005,41.93045563549162,88.90677966101697
JK4JKL,Rheinmetall,JPMBV,Put,21.2,21.22,711.73,2.36,endlos,711.73,211.33000000000004,42.23221422861712,89.54661016949154
SW8R6K,Rheinmetall,scoge,Put,2.12,2.13,710.95,2.35,endlos,710.95,210.55000000000007,42.076338928856934,89.59574468085108
UM2X0Q,Rheinmetall,UBSL,Put,21.32,21.34,709.74,2.34,endlos,709.74,209.34000000000003,41.83453237410073,89.46153846153848
JK58GL,Rheinmetall,JPMBV,Put,2.13,2.14,712.19,2.34,endlos,712.19,211.79000000000008,42.324140687450054,90.50854700854704
UM3LJ2,Rheinmetall,UBSL,Put,2.13,2.14,709.74,2.34,endlos,709.74,209.34000000000003,41.83453237410073,89.46153846153848
PC68GN,Rheinmetall,BNP,Put,21.35,21.38,677.3,2.34,endlos,712.95,212.55000000000007,42.476019184652294,90.83333333333337
PC8H4L,Rheinmetall,BNP,Put,2.14,2.15,677.36,2.33,endlos,713.01,212.61,42.488009592326144,91.24892703862662
JK4T46,Rheinmetall,JPMBV,Put,21.46,21.48,672.1,2.33,endlos,715.1,214.70000000000005,42.905675459632306,92.14592274678114
PC68U9,Rheinmetall,BNP,Put,21.49,21.52,712.95,2.32,endlos,712.95,212.55000000000007,42.476019184652294,91.61637931034487
HS5PKU,Rheinmetall,TUB,Put,21.52,21.56,678.42,2.32,endlos,714.13,213.73000000000002,42.71183053557155,92.12500000000001
DQ1WPT,Rheinmetall,DZ,Put,21.54,21.57,713.37,2.32,endlos,713.37,212.97000000000003,42.55995203836932,91.79741379310347
PC8JMN,Rheinmetall,BNP,Put,2.16,2.17,713.01,2.31,endlos,713.01,212.61,42.488009592326144,92.03896103896105
VD3RK4,Rheinmetall,VON,Put,21.71,21.73,715.72,2.3,endlos,715.72,215.32000000000005,43.02957633892887,93.61739130434786
JK5KXQ,Rheinmetall,JPMBV,Put,21.7,21.72,716.76,2.3,endlos,716.76,216.36,43.23741007194245,94.06956521739131
HS5PNJ,Rheinmetall,TUB,Put,2.17,2.18,716.13,2.3,endlos,716.13,215.73000000000002,43.11151079136691,93.79565217391306
VD3NCT,Rheinmetall,VON,Put,21.8,21.82,681.43,2.29,endlos,717.33,216.93000000000006,43.35131894484414,94.72925764192142
DQ1R82,Rheinmetall,DZ,Put,21.81,21.84,683.39,2.29,endlos,717.5,217.10000000000002,43.38529176658674,94.80349344978167
JK58GM,Rheinmetall,JPMBV,Put,2.18,2.19,717.18,2.29,endlos,717.18,216.77999999999997,43.321342925659465,94.66375545851527
UM32AW,Rheinmetall,UBSL,Put,21.84,21.86,714.88,2.29,endlos,714.88,214.48000000000002,42.86171063149481,93.65938864628822
UM3WNA,Rheinmetall,UBSL,Put,2.18,2.19,714.88,2.29,endlos,714.88,214.48000000000002,42.86171063149481,93.65938864628822
PC74VM,Rheinmetall,BNP,Put,21.96,21.99,717.98,2.27,endlos,717.98,217.58000000000004,43.481215027977626,95.8502202643172
JK4T44,Rheinmetall,JPMBV,Put,21.99,22.01,677.1,2.27,endlos,720.4,220.0,43.96482813749001,96.91629955947137
VD3RK7,Rheinmetall,VON,Put,22.01,22.03,718.72,2.27,endlos,718.72,218.32000000000005,43.62909672262191,96.17621145374451
PC8JMQ,Rheinmetall,BNP,Put,2.21,2.22,718.0,2.25,endlos,718.0,217.60000000000002,43.48521183053558,96.71111111111112
JK5NS7,Rheinmetall,JPMBV,Put,22.2,22.22,721.81,2.25,endlos,721.81,221.40999999999997,44.24660271782573,98.40444444444444
SW8TJD,Rheinmetall,scoge,Put,2.22,2.23,720.94,2.25,endlos,720.94,220.54000000000008,44.072741806554774,98.01777777777781
JK58GN,Rheinmetall,JPMBV,Put,2.22,2.23,722.16,2.25,endlos,722.16,221.76,44.31654676258992,98.56
VD3RKV,Rheinmetall,VON,Put,22.31,22.33,721.73,2.24,endlos,721.73,221.33000000000004,44.23061550759393,98.80803571428572
UM3234,Rheinmetall,UBSL,Put,23.32,23.34,729.99,2.14,endlos,729.99,229.59000000000003,45.88129496402878,107.28504672897198
UM3YED,Rheinmetall,UBSL,Put,2.33,2.34,729.99,2.14,endlos,729.99,229.59000000000003,45.88129496402878,107.28504672897198
PC7A7M,Rheinmetall,BNP,Put,23.34,23.37,696.27,2.14,endlos,732.91,232.51,46.46482813749001,108.64953271028037
PC8H4N,Rheinmetall,BNP,Put,2.34,2.35,696.33,2.13,endlos,732.98,232.58000000000004,46.478816946442855,109.19248826291083
PC7BGY,Rheinmetall,BNP,Put,23.47,23.5,732.91,2.13,endlos,732.91,232.51,46.46482813749001,109.15962441314554
VD3RK5,Rheinmetall,VON,Put,23.51,23.53,733.74,2.12,endlos,733.74,233.34000000000003,46.630695443645095,110.06603773584906
JK4H1M,Rheinmetall,JPMBV,Put,23.58,23.6,692.1,2.12,endlos,736.33,235.93000000000006,47.148281374900094,111.28773584905663
PC8JMU,Rheinmetall,BNP,Put,2.36,2.37,732.98,2.11,endlos,732.98,232.58000000000004,46.478816946442855,110.22748815165879
DQ1YC0,Rheinmetall,DZ,Put,23.67,23.7,734.82,2.11,endlos,734.82,234.42000000000007,46.846522781774596,111.09952606635075
VD3RKH,Rheinmetall,VON,Put,23.7,23.72,699.49,2.11,endlos,736.34,235.94000000000005,47.15027977617907,111.81990521327018
JK5NS9,Rheinmetall,JPMBV,Put,23.7,23.72,736.76,2.11,endlos,736.76,236.36,47.23421262989609,112.01895734597157
JK58GR,Rheinmetall,JPMBV,Put,2.37,2.38,737.12,2.1,endlos,737.12,236.72000000000003,47.30615507593925,112.72380952380954
VD3RK3,Rheinmetall,VON,Put,23.81,23.83,736.74,2.1,endlos,736.74,236.34000000000003,47.23021582733814,112.54285714285716
MG1QX9,Rheinmetall,MSI,Put,23.82,23.84,694.32,2.1,endlos,738.5,238.10000000000002,47.581934452438055,113.3809523809524
HS5UL6,Rheinmetall,TUB,Put,2.39,2.4,701.28,2.09,endlos,738.19,237.79000000000008,47.519984012789784,113.77511961722493
UM4CP2,Rheinmetall,UBSL,Put,24.06,24.08,738.09,2.08,endlos,738.09,237.69000000000005,47.500000000000014,114.27403846153848
HS5UCC,Rheinmetall,TUB,Put,24.09,24.13,740.19,2.07,endlos,740.19,239.79000000000008,47.91966426858515,115.84057971014498
JK4SF0,Rheinmetall,JPMBV,Put,24.11,24.13,697.1,2.07,endlos,741.63,241.23000000000002,48.2074340527578,116.53623188405798
GG6R7K,Rheinmetall,GS,Put,24.12,24.15,741.46,2.07,endlos,741.46,241.06000000000006,48.1734612310152,116.45410628019327
UM4G9Z,Rheinmetall,UBSL,Put,2.41,2.42,738.09,2.07,endlos,738.09,237.69000000000005,47.500000000000014,114.82608695652178
JK5NS8,Rheinmetall,JPMBV,Put,24.19,24.21,741.74,2.06,endlos,741.74,241.34000000000003,48.22941646682655,117.15533980582525
JK58GS,Rheinmetall,JPMBV,Put,2.42,2.43,742.1,2.06,endlos,742.1,241.70000000000005,48.301358912869716,117.33009708737866
VD4AH5,Rheinmetall,VON,Put,24.44,24.46,742.68,2.04,endlos,742.68,242.27999999999997,48.41726618705036,118.76470588235293
PC7BGZ,Rheinmetall,BNP,Put,24.47,24.5,742.89,2.04,endlos,742.89,242.49,48.459232613908874,118.86764705882354
VD3RKL,Rheinmetall,VON,Put,24.54,24.56,707.47,2.04,endlos,744.75,244.35000000000002,48.83093525179857,119.7794117647059
PC8JMV,Rheinmetall,BNP,Put,2.45,2.46,742.96,2.03,endlos,742.96,242.56000000000006,48.47322142286173,119.48768472906409
JK4SF1,Rheinmetall,JPMBV,Put,24.67,24.69,702.1,2.03,endlos,746.93,246.52999999999997,49.2665867306155,121.44334975369458
JK6ZMT,Rheinmetall,JPMBV,Put,24.7,24.72,746.74,2.02,endlos,746.74,246.34000000000003,49.22861710631496,121.95049504950497
JK58GT,Rheinmetall,JPMBV,Put,2.47,2.48,747.09,2.02,endlos,747.09,246.69000000000005,49.29856115107915,122.12376237623765
UM3QEU,Rheinmetall,UBSL,Put,24.92,24.94,745.73,2.0,endlos,745.73,245.33000000000004,49.0267785771383,122.66500000000002
UM2WN1,Rheinmetall,UBSL,Put,26.42,26.44,760.7,1.89,endlos,760.7,260.30000000000007,52.0183852917666,137.72486772486778
UM3LV8,Rheinmetall,UBSL,Put,2.64,2.65,760.7,1.89,endlos,760.7,260.30000000000007,52.0183852917666,137.72486772486778
PC7LBC,Rheinmetall,BNP,Put,26.45,26.48,762.88,1.89,endlos,762.88,262.48,52.454036770583535,138.8783068783069
PC8JMX,Rheinmetall,BNP,Put,2.66,2.67,762.92,1.87,endlos,762.92,262.52,52.46203037569944,140.3850267379679
JK6ZMV,Rheinmetall,JPMBV,Put,26.69,26.71,766.68,1.87,endlos,766.68,266.28,53.21342925659472,142.39572192513367
JK5KB5,Rheinmetall,JPMBV,Put,26.76,26.78,722.1,1.87,endlos,768.24,267.84000000000003,53.525179856115116,143.2299465240642
JK67HP,Rheinmetall,JPMBV,Put,2.68,2.69,767.05,1.86,endlos,767.05,266.65,53.287370103916864,143.36021505376343
JK7V7Z,Rheinmetall,JPMBV,Put,27.18,27.2,771.71,1.84,endlos,771.71,271.31000000000006,54.21862509992008,147.45108695652178
JK67HR,Rheinmetall,JPMBV,Put,2.72,2.73,772.04,1.83,endlos,772.04,271.64,54.2845723421263,148.43715846994533
DQ1X51,Rheinmetall,DZ,Put,27.24,27.27,735.16,1.83,endlos,771.85,271.45000000000005,54.24660271782575,148.33333333333334
JK5KB6,Rheinmetall,JPMBV,Put,27.29,27.31,727.1,1.83,endlos,773.54,273.14,54.58433253397283,149.25683060109287
PC74JA,Rheinmetall,BNP,Put,27.31,27.34,734.24,1.83,endlos,772.88,272.48,54.45243804956036,148.89617486338798
PC74VN,Rheinmetall,BNP,Put,27.45,27.48,772.88,1.82,endlos,772.88,272.48,54.45243804956036,149.71428571428572
PC8H4Q,Rheinmetall,BNP,Put,2.74,2.75,734.26,1.82,endlos,772.9,272.5,54.456434852118306,149.72527472527472
PC8JMY,Rheinmetall,BNP,Put,2.76,2.77,772.9,1.81,endlos,772.9,272.5,54.456434852118306,150.5524861878453
JK7UZC,Rheinmetall,JPMBV,Put,27.72,27.74,776.83,1.8,endlos,776.83,276.43000000000006,55.24180655475621,153.57222222222225
JK67HS,Rheinmetall,JPMBV,Put,2.77,2.78,777.02,1.8,endlos,777.02,276.62,55.27977617905676,153.67777777777778
UM4DRT,Rheinmetall,UBSL,Put,27.85,27.87,775.98,1.8,endlos,775.98,275.58000000000004,55.071942446043174,153.10000000000002
JK5KBA,Rheinmetall,JPMBV,Put,27.82,27.84,732.1,1.79,endlos,778.85,278.45000000000005,55.645483613109526,155.5586592178771
UM35M1,Rheinmetall,UBSL,Put,2.79,2.8,775.98,1.79,endlos,775.98,275.58000000000004,55.071942446043174,153.95530726256985
JK7UZA,Rheinmetall,JPMBV,Put,28.21,28.23,781.82,1.77,endlos,781.82,281.4200000000001,56.23900879296565,158.99435028248593
JK6701,Rheinmetall,JPMBV,Put,2.82,2.83,782.03,1.77,endlos,782.03,281.63,56.28097521982415,159.1129943502825
DQ2G1H,Rheinmetall,DZ,Put,28.31,28.34,781.54,1.76,endlos,781.54,281.14,56.183053557154274,159.73863636363635
JK5KBB,Rheinmetall,JPMBV,Put,28.35,28.37,737.0,1.76,endlos,784.15,283.75,56.70463629096722,161.2215909090909
PC8JMZ,Rheinmetall,BNP,Put,2.84,2.85,782.89,1.75,endlos,782.89,282.49,56.45283772981615,161.42285714285714
PC8C8Q,Rheinmetall,BNP,Put,28.49,28.52,782.88,1.75,endlos,782.88,282.48,56.45083932853717,161.41714285714286
JK5KB9,Rheinmetall,JPMBV,Put,28.88,28.9,742.0,1.73,endlos,789.45,289.05000000000007,57.76378896882496,167.08092485549136
MG11RF,Rheinmetall,MSI,Put,29.13,29.15,744.26,1.71,endlos,791.62,291.22,58.197442046362916,170.30409356725147
PC74JB,Rheinmetall,BNP,Put,29.31,29.34,753.2,1.7,endlos,792.85,292.45000000000005,58.44324540367707,172.0294117647059
UM3773,Rheinmetall,UBSL,Put,3.28,3.29,824.86,1.52,endlos,824.86,324.46000000000004,64.84012789768187,213.4605263157895
JK7DQ3,Rheinmetall,JPMBV,Put,33.17,33.19,782.1,1.51,endlos,832.08,331.68000000000006,66.28297362110314,219.6556291390729
JK7DQ2,Rheinmetall,JPMBV,Put,34.23,34.25,792.1,1.46,endlos,842.69,342.2900000000001,68.40327737809754,234.4452054794521
UM4BRL,Rheinmetall,UBSL,Put,3.44,3.45,840.81,1.45,endlos,840.81,340.40999999999997,68.02757793764988,234.76551724137929
UM4FWK,Rheinmetall,UBSL,Put,34.46,34.48,841.31,1.45,endlos,841.31,340.90999999999997,68.12749800159872,235.1103448275862
UM4K0D,Rheinmetall,UBSL,Put,35.03,35.05,846.85,1.43,endlos,846.85,346.45000000000005,69.23461231015189,242.2727272727273
UM4L3N,Rheinmetall,UBSL,Put,3.5,3.51,846.85,1.42,endlos,846.85,346.45000000000005,69.23461231015189,243.97887323943667
DQ2GUH,Rheinmetall,DZ,Put,35.17,35.2,810.86,1.42,endlos,851.33,350.93000000000006,70.12989608313352,247.13380281690146
UM4C1R,Rheinmetall,UBSL,Put,36.1,36.12,857.76,1.38,endlos,857.76,357.36,71.4148681055156,258.95652173913044
UM4D70,Rheinmetall,UBSL,Put,3.61,3.62,857.76,1.38,endlos,857.76,357.36,71.4148681055156,258.95652173913044
JK6BAZ,Rheinmetall,JPMBV,Put,36.34,36.36,812.2,1.37,endlos,864.06,363.65999999999997,72.67386091127098,265.4452554744525
UM4ALJ,Rheinmetall,UBSL,Put,3.67,3.68,863.88,1.36,endlos,863.88,363.48,72.63788968824942,267.2647058823529
UM384Y,Rheinmetall,UBSL,Put,36.74,36.76,863.88,1.36,endlos,863.88,363.48,72.63788968824942,267.2647058823529
UM4E89,Rheinmetall,UBSL,Put,37.8,37.82,874.71,1.32,endlos,874.71,374.31000000000006,74.80215827338131,283.56818181818187
UM4E9R,Rheinmetall,UBSL,Put,3.78,3.79,874.71,1.32,endlos,874.71,374.31000000000006,74.80215827338131,283.56818181818187
UM35Q5,Rheinmetall,UBSL,Put,38.89,38.91,885.68,1.28,endlos,885.68,385.28,76.99440447641886,301.0
UM4C3L,Rheinmetall,UBSL,Put,3.89,3.9,885.68,1.28,endlos,885.68,385.28,76.99440447641886,301.0
GG5T50,Rheinmetall,GS,Put,42.86,42.89,928.88,1.16,endlos,928.88,428.48,85.62749800159872,369.3793103448276
GG5YEV,Rheinmetall,GS,Put,45.11,45.14,951.6,1.11,endlos,951.6,451.20000000000005,90.16786570743407,406.4864864864865
